event,type,num_agents,node_cost,node_cost-std,edge_cost,edge_cost-std,message_count,message_count-std,num_changes,num_changes-std,announce_msg_count,announce_msg_count-std,announce_res_msg_count,announce_res_msg_count-std,add_me_count,add_me_count-std,child_added_count,child_added_count-std,parent_assigned_count,parent_assigned_count-std,already_active_count,already_active_count-std,ping_msg_count,ping_msg_count-std,ping_msg_resp_count,ping_msg_resp_count-std,constraint_changed_count,constraint_changed_count-std
add_agent:1,add_agent,1,0.0,0.0,0.0,0.0,0.0,0.0,0.0,0.0,0.0,0.0,0.0,0.0,0.0,0.0,0.0,0.0,0.0,0.0,0.0,0.0,0.0,0.0,0.0,0.0,0.0,0.0
add_agent:9,add_agent,2,-13181.266642977716,11034.266334238166,-3735.537546888544,7142.771543396853,3.84,0.7838367176906171,1.92,0.39191835884530857,1.92,0.744043009509531,0.96,0.19595917942265428,0.96,0.19595917942265428,0.96,0.19595917942265428,0.96,0.19595917942265428,0.0,0.0,0.04,0.19595917942265428,0.04,0.19595917942265428,0.0,0.0
add_agent:3,add_agent,3,-21866.863894677266,16325.856393454504,-6066.457806229495,9154.486162288767,6.92,2.2256684389189694,3.08,1.3541048703848606,5.36,3.1225630498037984,1.72,1.1142710621747296,1.52,0.6400000000000001,1.4,0.48989794855663577,1.4,0.48989794855663577,0.12,0.43081318457076034,2.48,1.0998181667894016,2.44,1.0983624174196784,0.0,0.0
add_agent:2,add_agent,4,-25496.40861811439,18730.066853023793,-7703.4397652732105,11746.582354138722,10.6,2.60768096208106,3.6,2.078460969082653,9.48,3.047884512247798,3.16,1.6656530250925607,2.4,0.6324555320336759,1.96,0.5276362383309167,1.96,0.5276362383309167,0.44,0.6974238309665077,5.56,1.8128430709799457,5.56,1.8128430709799457,0.0,0.0
add_agent:23,add_agent,5,-33354.06545453733,19169.662058778726,-9519.561728280543,10649.262542989625,18.4,4.8083261120685235,4.88,2.7176460402340843,26.68,11.116546226234117,10.88,6.562438571141066,5.32,2.167394749463051,2.68,0.7332121111929345,2.68,0.7332121111929345,2.64,2.2957351763650786,12.36,2.783954022608851,12.36,2.783954022608851,0.0,0.0
add_agent:19,add_agent,6,-36465.81858596221,21013.176588590046,-12219.92234211422,9797.60739448187,27.4,6.8760453750684345,5.64,2.868867372326578,45.24,16.681198997674,21.36,11.113523293717433,8.4,3.22490309931942,3.48,0.64,3.48,0.64,4.92,3.3576182034293294,19.0,3.4409301068170506,19.0,3.4409301068170506,0.0,0.0
add_agent:5,add_agent,7,-41519.34377067907,26752.17243774923,-12043.675770313817,8747.786389449582,34.36,8.907884148326133,6.2,3.40587727318528,63.68,21.69556636734796,31.08,13.623274202628384,10.92,3.7514797080618743,4.0,0.8,4.0,0.8,6.92,3.7727443592165106,28.36,4.714912512443895,28.32,4.730496802662485,0.0,0.0
add_agent:0,add_agent,8,-44547.89487202438,26853.036592583965,-11247.094720528086,11943.038986768324,45.44,8.400380943742967,6.92,3.2609201155502108,103.56,30.633419658928062,51.68,20.92982560844691,15.44,4.299581374971289,4.72,0.9173875952943772,4.76,0.9068627239003708,10.68,4.764199827882957,41.2,7.238784428341543,41.2,7.238784428341543,0.0,0.0
add_agent:6,add_agent,9,-47580.23282965147,26021.668012351147,-11901.676778028788,11690.365644200132,55.56,11.117841517129122,7.6,3.32264954516723,142.92,40.59647275318387,71.44,28.34795230700094,19.4,5.6,5.4,0.7999999999999999,5.44,0.8522910301065005,13.96,5.841095787606979,52.64,8.009394483979422,52.6,7.979974937304001,0.0,0.0
add_agent:7,add_agent,10,-53682.83238207799,28306.239691665207,-14314.307181585456,12212.59126628134,68.64,11.76734464524601,8.96,4.494263009660204,190.28,43.55274503403891,94.56,33.55840282254208,24.08,6.0393377120343255,6.36,1.1271202242884297,6.36,1.1271202242884297,17.72,6.636384557874869,69.76,11.751697749687063,69.76,11.751697749687063,0.0,0.0
add_agent:8,add_agent,11,-65711.22801778982,33972.091443249396,-21855.806210824914,17165.61378526035,81.32,14.515426276895901,9.84,4.342165358435811,247.92,60.1697066637357,124.88,44.91531587331876,28.72,7.644710589682255,7.28,1.0777754868245983,7.28,1.0777754868245983,21.44,8.065134840782267,88.32,13.719241961566244,88.28,13.762325384904976,0.0,0.0
add_agent:10,add_agent,12,-72758.36698785094,35618.92043259798,-23880.675391635887,17039.362226723482,91.4,16.161683080669537,10.48,4.455288991749019,291.16,63.78631828221473,144.56,46.433677433518014,32.16,8.0383082797315,8.0,0.8944271909999159,8.0,0.8944271909999159,24.16,8.384175570680759,107.56,14.480552475648157,107.56,14.480552475648157,0.0,0.0
add_agent:4,add_agent,13,-76947.12525890238,38746.74963628599,-22732.25355270551,16191.068822475356,103.44,16.721435345089247,11.08,5.336065966608733,352.84,77.81037462960836,177.44,51.702286216375384,36.4,8.202438661763951,8.88,0.8158431221748456,8.88,0.8158431221748456,27.52,8.6214615930247,130.72,15.57310502115747,130.72,15.57310502115747,0.0,0.0
add_agent:35,add_agent,14,-77057.36717772248,38920.08767932703,-22242.55822427448,17300.96816359011,116.0,19.185411124080712,11.44,5.946965612814656,422.44,87.97685150083515,212.92,58.945344175770146,41.24,8.882702291532684,9.44,1.2026637102698328,9.44,1.2026637102698328,31.8,9.457272334029511,154.36,17.304057327690522,154.36,17.304057327690522,0.0,0.0
add_agent:95,add_agent,15,-77791.31510538822,40047.14064955609,-22429.45900141521,16974.381202131506,130.4,22.540629982323033,12.4,6.437390775772434,507.8,113.68166079012042,260.88,75.00523715048169,46.84,10.421823256992992,10.12,0.9086253353280437,10.12,0.9086253353280437,36.72,10.905118064468628,182.8,16.69251329189227,182.76,16.73147931295975,0.0,0.0
add_agent:11,add_agent,16,-79895.57256651198,41928.053281803164,-23354.157088817086,16857.381669429284,145.44,24.940056134660164,13.48,7.5742722422685596,604.72,114.4910546724066,320.36,71.41309683804505,52.56,10.621035731038663,10.88,1.0703270528207716,10.88,1.0703270528207716,41.68,10.679775278534656,212.88,21.472438147541606,212.88,21.472438147541606,0.0,0.0
add_agent:12,add_agent,17,-82128.50471205449,42096.866529001076,-21398.008457740765,18630.241139167425,160.92,23.85777860572941,13.8,7.735631842325485,711.44,122.32614765453867,392.72,85.62734142784068,59.24,10.644360008943705,11.44,1.0613199329137282,11.44,1.0613199329137282,47.8,11.001818031580054,241.88,20.213500439062997,241.88,20.213500439062997,0.0,0.0
add_agent:14,add_agent,18,-91081.48502197467,52722.459075623905,-27630.959777721713,23221.959204162256,180.68,26.370771698985223,14.96,8.238834869081915,848.8,142.27522623422533,486.28,103.63880354384645,66.92,11.72320775214702,12.4,1.1661903789690602,12.4,1.1661903789690602,54.52,11.967021350361168,278.24,18.350542226321267,278.24,18.350542226321267,0.0,0.0
add_agent:13,add_agent,19,-92889.79349456825,54736.19834849639,-27863.966908786628,22251.349646265582,197.24,26.565059759014282,15.32,8.684330716871624,978.64,151.53795036227723,569.24,110.84052688434859,73.52,11.37759201237239,12.92,1.3242356285797479,12.92,1.3242356285797479,60.6,12.023310692151309,309.88,28.024731934489576,309.88,28.024731934489576,0.0,0.0
add_agent:51,add_agent,20,-94537.64771089876,55110.017673596514,-26980.96816186201,22077.257287223605,215.24,28.686275464061207,15.68,9.036459483669475,1128.72,173.39331475002143,669.08,126.90529382181028,80.92,12.86831768336483,13.64,1.4388884598883953,13.64,1.4388884598883953,67.28,13.613287626433225,347.16,25.71020031038265,347.16,25.71020031038265,0.0,0.0
add_agent:20,add_agent,21,-97287.35410616115,54941.46636006147,-27985.968563142702,20380.069959387987,234.96,30.482099665213347,16.16,9.040707936881935,1307.04,216.4793717655334,790.32,152.43797951954102,89.4,14.626004239025775,14.28,1.3422369388450015,14.28,1.3422369388450015,75.12,15.295280317797381,386.36,27.869524574344645,386.36,27.869524574344645,0.0,0.0
add_agent:18,add_agent,22,-100404.07803777132,55403.724379486055,-30559.14556830863,20487.129992450115,254.2,33.047844105175756,16.88,9.815579453093944,1475.28,224.75845167646088,909.92,164.76696756328317,97.28,14.88494541474708,14.96,1.58694675399019,14.96,1.58694675399019,82.32,15.514431990891579,428.04,32.62818413580505,428.04,32.62818413580505,0.0,0.0
add_agent:84,add_agent,23,-110929.14828845952,67569.23080391351,-35097.67134671823,30301.077529439346,275.32,36.65047885089635,17.96,10.493731462163495,1662.08,248.72409131405024,1034.76,180.26320312254524,105.8,16.33401359127633,15.76,1.68,15.76,1.68,90.04,16.938665827036086,472.52,33.730840487601256,472.52,33.730840487601256,0.0,0.0
add_agent:16,add_agent,24,-116637.55318211253,67797.91622966742,-33179.12725393617,30811.032576365393,297.64,34.562268444070625,18.92,11.249604437490236,1868.96,267.09975365020466,1176.64,197.63600481693612,114.72,16.734443522268673,16.48,1.652150114245071,16.48,1.652150114245071,98.24,17.716162112602152,513.68,35.97078814816267,513.68,35.97078814816267,0.0,0.0
add_agent:36,add_agent,25,-123898.6271714348,68075.17129375107,-37046.6763012779,34885.722169367975,319.88,40.26047192967315,20.36,11.561591585936599,2092.08,346.8432406722092,1327.16,254.65485347819305,124.04,19.46993579855876,17.12,1.6809521111560557,17.12,1.6809521111560557,106.92,20.21270887337964,564.88,33.868356913201445,564.88,33.868356913201445,0.0,0.0
add_agent:34,add_agent,26,-128374.39291956514,70882.03966142064,-37260.50360319565,33581.82542635381,341.16,43.35498125936627,21.36,12.470380908376457,2310.08,353.4420371149985,1478.56,269.6747789467899,132.44,19.87778659710381,17.84,1.6656530250925605,17.84,1.6656530250925605,114.6,20.48414020651099,609.6,39.84168671128269,609.6,39.84168671128269,0.0,0.0
add_agent:15,add_agent,27,-133236.47531123616,71072.47342672427,-38779.52805031333,33182.45493642886,364.36,42.20604696012172,22.16,12.536921472195635,2570.24,361.1769959452014,1650.76,279.9351753531521,142.24,19.94849367746848,18.6,1.7204650534085253,18.6,1.7204650534085253,123.64,20.62014548930245,663.08,44.745431051672746,663.08,44.745431051672746,0.0,0.0
add_agent:17,add_agent,28,-134587.18281783964,72295.99159225574,-40680.065337936765,34544.898641004525,384.72,42.61879397636681,22.8,13.347658970770865,2820.56,356.84002914471347,1823.52,285.12160493375455,150.92,19.477001822662544,19.08,2.1339165869358623,19.08,2.1339165869358623,131.84,20.422889119808683,713.76,48.40849512224068,713.76,48.40849512224068,0.0,0.0
add_agent:47,add_agent,29,-137052.95232497784,74151.90898507247,-39514.7262382515,27612.094310218657,411.96,46.1159234972043,23.88,15.004852548425795,3139.6,416.29134028946606,2043.0,328.26209040947754,162.48,21.115150958494237,19.92,1.9782820830205181,19.92,1.9782820830205181,142.56,22.056436702241818,767.6,45.926898436537165,767.6,45.926898436537165,0.0,0.0
add_agent:24,add_agent,30,-138013.18787955696,74973.55119483758,-40820.00684150469,28392.534598177055,437.48,50.294429114962625,25.08,16.292133070902654,3442.72,468.6746009759863,2248.76,367.086287403929,172.92,22.242158168666997,20.72,2.1264054176003224,20.72,2.1264054176003224,152.2,23.27230113246217,830.44,55.77388636270563,830.44,55.77388636270563,0.0,0.0
add_agent:25,add_agent,31,-139313.6872086442,73669.98194707377,-41961.33560359836,27725.206051018595,457.84,47.00951393069279,25.36,16.059589035837746,3712.44,486.19864911371354,2443.96,398.1331917838551,181.92,22.03437314742582,21.08,2.0769207977195467,21.08,2.0769207977195467,160.84,23.40030769028476,881.2,57.54997827975264,881.2,57.54997827975264,0.0,0.0
add_agent:30,add_agent,32,-140245.3278242628,72777.87537623657,-42229.702630711945,27115.139914987525,481.0,48.14810484328537,25.64,15.939585941924593,4048.2,534.2852421693865,2682.96,447.9020857285663,192.72,23.268038163970765,21.48,1.9823218709382187,21.48,1.9823218709382187,171.24,24.782703645889807,942.88,64.82241587599155,942.88,64.82241587599155,0.0,0.0
add_agent:27,add_agent,33,-143908.7592123561,71631.54933092318,-44299.92362299861,26092.909261932928,505.56,51.135177715541374,26.16,15.94159339589365,4410.36,595.5745380722718,2936.52,488.35463507578174,203.92,25.526331502979428,22.04,2.125652840893827,22.04,2.125652840893827,181.88,27.04709965966776,1006.2,70.71294082415184,1006.2,70.71294082415184,0.0,0.0
add_agent:22,add_agent,34,-145986.36672641832,69304.32900497827,-45105.209140133236,25906.20519208643,533.44,53.11578296514135,26.68,15.522164797475899,4839.92,680.9605521614303,3228.6,559.259438901124,216.64,27.65339762126889,22.6,2.135415650406262,22.6,2.135415650406262,194.04,29.346863546212226,1068.08,70.20764630722212,1068.08,70.20764630722212,0.0,0.0
add_agent:21,add_agent,35,-147225.38760279946,68978.59312577816,-44931.485451793786,25811.403646622417,555.64,56.03204797256656,26.92,15.483978816828703,5185.2,705.3170067423584,3473.84,571.1106148549508,227.08,28.774877931973926,22.88,2.103711006768753,22.88,2.103711006768753,204.2,30.393420340593455,1129.0,74.85826607663311,1129.0,74.85826607663311,0.0,0.0
add_agent:45,add_agent,36,-150687.0906389463,66617.29333518504,-46451.70782202171,25956.34476656645,583.8,56.177575597385825,27.28,15.353227673684778,5643.68,715.1091508294381,3787.48,592.7801697088053,240.04,28.646088738255347,23.4,2.2090722034374517,23.4,2.2090722034374517,216.64,30.424831963381486,1192.56,85.26808547164642,1192.56,85.26808547164642,0.0,0.0
add_agent:26,add_agent,37,-155676.5026162889,67395.41491246308,-48567.53060769316,25625.178739685853,612.12,61.33144055050394,27.92,15.571563826411271,6135.68,798.2629501611608,4118.36,638.7700606634596,253.36,31.40939986691882,23.76,2.1406541056415445,23.76,2.1406541056415445,229.6,33.02847256534883,1260.8,82.59249360565403,1260.8,82.59249360565403,0.0,0.0
add_agent:31,add_agent,38,-162077.96623577332,67905.32234720825,-50133.20435459196,24675.443251331773,643.68,63.992949611656435,28.64,15.707017539940546,6659.52,833.2554047829512,4476.32,668.4051298426726,267.6,32.09984423638221,24.64,2.076150283577756,24.64,2.076150283577756,242.96,33.58628291430894,1333.0,89.70930832416444,1333.0,89.70930832416444,0.0,0.0
add_agent:28,add_agent,39,-163547.71786688894,66567.41942572147,-49792.91051109366,24099.080895944233,670.4,64.46828677729849,28.88,15.5494565821446,7116.08,823.6515729360322,4791.44,660.9441779757198,280.0,32.12475680841802,25.08,1.9983993594874874,25.08,1.9983993594874874,254.92,33.57251256608596,1392.16,96.54001450175983,1392.16,96.54001450175983,0.0,0.0
add_agent:50,add_agent,40,-165418.90856674497,68490.94844718352,-50702.3834656128,25327.383444499887,702.4,69.49762585872989,29.12,15.809667928201401,7714.88,892.6547964358897,5211.24,701.9394435419625,294.84,33.82387322587406,25.64,1.9365949499056323,25.64,1.9365949499056323,269.2,35.234074416677956,1467.92,98.77121847987905,1467.92,98.77121847987905,0.0,0.0
add_agent:70,add_agent,41,-166041.96899678072,67924.00494380579,-50656.55899353984,26116.607661393304,732.96,69.14129301654692,29.4,15.704776343520464,8270.04,921.2064037988447,5598.24,727.2526537593383,309.04,34.43542362161383,26.04,1.8434749794884657,26.04,1.8434749794884657,283.0,35.83629445129616,1537.64,99.99675194725077,1537.64,99.99675194725077,0.0,0.0
add_agent:83,add_agent,42,-170537.13862438477,67922.56918653901,-53320.636569007234,26958.165083050873,763.72,70.52007941005172,29.8,15.525462956060279,8857.44,943.7119933539045,6014.2,760.003105256814,323.44,35.11703859951747,26.56,2.001599360511489,26.56,2.001599360511489,296.88,36.53964422377427,1614.24,112.08399707362331,1614.24,112.08399707362331,0.0,0.0
add_agent:29,add_agent,43,-171087.6570347281,68209.14264381817,-54002.95922481259,27375.329962882668,798.28,72.99781914550599,30.12,15.490177532875471,9541.8,1014.3225916837305,6504.8,799.3761567622591,339.8,36.234789912458446,27.04,1.8650469162999623,27.04,1.8650469162999623,312.76,37.73834124600603,1691.6,119.87626954489367,1691.6,119.87626954489367,0.0,0.0
add_agent:39,add_agent,44,-172488.87551228367,70136.10987956461,-54892.99078767082,27613.05106247003,830.72,79.69266967544756,30.44,15.607895437886558,10203.6,1111.7342128404614,6986.48,878.7388290043863,355.16,39.1690490055605,27.4,1.7663521732655691,27.4,1.7663521732655691,327.76,40.38146109293224,1765.72,117.32775289759878,1765.72,117.32775289759878,0.0,0.0
add_agent:73,add_agent,45,-174925.45578146397,69228.9637120412,-56154.287968557095,26840.620340124482,863.84,76.53113353400694,30.84,15.384875690105524,10916.28,1105.7676616721976,7499.24,886.7949156372063,370.92,38.14385402656632,27.8,1.9595917942265426,27.8,1.9595917942265426,343.12,39.631623736607104,1844.0,121.08179053846206,1844.0,121.08179053846206,0.0,0.0
add_agent:32,add_agent,46,-177513.04819797128,70113.53484752326,-57229.28926411062,26818.02018959745,897.28,78.20665956298097,31.2,15.707323132857487,11584.36,1122.8552134625374,7984.2,918.3049602392442,386.52,38.59131508513282,28.28,2.358304475677388,28.28,2.358304475677388,358.24,40.236580371597185,1918.68,127.5873724159252,1918.68,127.5873724159252,0.0,0.0
add_agent:43,add_agent,47,-178837.53188004688,71254.15523506167,-57582.4779024857,27425.019563801867,933.8,81.21920955045057,31.52,15.932658284165893,12370.96,1182.437532557217,8543.44,919.3298463554852,403.68,39.93065989938058,28.8,2.4657656011875915,28.8,2.4657656011875915,374.88,41.64259357917083,2003.64,135.04780783115288,2003.64,135.04780783115288,0.0,0.0
add_agent:41,add_agent,48,-180258.03634631925,70091.46315210719,-58437.20796875808,26946.260573067746,967.16,81.32290206331793,31.84,15.75736018500561,13094.88,1188.029640034288,9070.76,961.0736612768035,419.4,40.38316480911322,29.24,2.6119724347703213,29.24,2.6119724347703213,390.16,42.08627329664626,2081.8,140.25548117631624,2081.8,140.25548117631624,0.0,0.0
add_agent:33,add_agent,49,-182623.83634631924,69086.75301109454,-59853.19469856427,27058.56430962003,1004.12,86.03735002892638,32.08,15.949721000694652,13917.84,1280.560523520853,9667.44,995.4027558732195,436.52,42.05436481508192,29.76,2.4703036250631216,29.76,2.4703036250631216,406.76,43.658016446009086,2165.4,140.76164250249425,2165.4,140.76164250249425,0.0,0.0
add_agent:44,add_agent,50,-185003.84865102873,68459.01066141525,-60350.280263958324,27437.82111941892,1037.2,84.35259332113033,32.4,15.879546593023369,14645.16,1305.7356755484625,10206.12,1009.45218093776,452.04,42.120284899321376,30.16,2.4767720928660353,30.16,2.4767720928660353,421.88,43.73403251473616,2249.56,142.0968908878727,2249.56,142.0968908878727,0.0,0.0
add_agent:37,add_agent,51,-188619.45622820564,67102.80693187361,-61830.81657320105,26102.26698111807,1068.92,82.56968935390273,32.72,15.878337444455575,15454.0,1280.8264519442125,10787.56,986.5177983189153,467.24,41.09625773717116,30.44,2.4344198487524698,30.44,2.4344198487524698,436.8,42.71393215333844,2331.32,148.54729078646974,2331.32,148.54729078646974,0.0,0.0
add_agent:81,add_agent,52,-190568.34528056168,68010.66999652506,-63026.1079312095,26296.042560476533,1105.48,85.34640941480785,33.04,16.11081624251236,16323.24,1307.7446625392893,11425.32,997.9125300345718,484.6,42.27718060609057,30.88,2.7323250172700906,30.88,2.7323250172700906,453.72,43.98592502153387,2420.48,161.30074271372712,2420.48,161.30074271372712,0.0,0.0
add_agent:46,add_agent,53,-194454.3835417375,68527.61193752974,-62845.78318783311,26123.848705893895,1145.64,87.68848499090403,33.6,16.2628410802049,17344.2,1430.3653519293593,12166.88,1074.1875933001645,503.88,43.89379910647972,31.32,2.6791043279424556,31.32,2.6791043279424556,472.56,45.67894919982288,2513.08,162.15299442193475,2513.08,162.15299442193475,0.0,0.0
add_agent:40,add_agent,54,-195834.2422948418,70217.6344764952,-63813.89379398576,27039.918733956445,1179.4,86.71977859750336,33.84,16.49649659776281,18166.56,1404.1351524693055,12763.68,1066.3763208173746,519.92,43.528308030521934,31.72,2.835771499962575,31.72,2.835771499962575,488.2,45.5815752250841,2592.24,171.41068344767777,2592.24,171.41068344767777,0.0,0.0
add_agent:38,add_agent,55,-198154.2752828798,71791.53405480817,-63867.64250396612,25466.678428871728,1220.64,95.99369979326768,34.36,16.47271683724333,19205.56,1665.8592997009082,13518.0,1273.0395751900253,538.8,48.19792526655064,32.48,3.09993548319961,32.48,3.09993548319961,506.32,50.25830876581503,2688.96,167.43822263748504,2688.96,167.43822263748504,0.0,0.0
add_agent:56,add_agent,56,-200509.3850760622,72932.84095947056,-63926.838054481996,25791.152789536463,1257.68,100.35206823977272,34.68,16.718181719313854,20179.16,1815.60129279531,14214.6,1356.491267940933,556.72,50.752355610355664,32.76,3.04998360651332,32.76,3.04998360651332,523.96,52.942595327392105,2775.68,171.38394790644776,2775.68,171.38394790644776,0.0,0.0
add_agent:42,add_agent,57,-204785.60913516287,71879.66088181689,-65536.76904246533,26092.98479221094,1299.76,98.36230172174704,35.6,16.460862674841803,21263.36,1793.360619172842,15019.32,1350.1388586363998,576.32,50.550347179816676,33.48,3.1256359352938086,33.48,3.1256359352938086,542.84,52.83080919312139,2882.56,186.0393678768018,2882.56,186.0393678768018,0.0,0.0
add_agent:94,add_agent,58,-218997.4411100363,83042.00322793832,-72067.29835188901,38063.61676969887,1334.96,94.28996977409635,37.0,16.01998751560063,22185.16,1734.3934197292147,15676.28,1284.4855318764785,592.32,48.96261430928704,33.88,3.3860891896109298,33.88,3.3860891896109298,558.44,51.573698723283364,2963.32,202.4608050957024,2963.32,202.4608050957024,0.0,0.0
add_agent:76,add_agent,59,-224253.65194629875,82563.4896511204,-73103.76149830184,39045.01810285728,1375.64,98.51086437545862,37.8,15.564061166674975,23254.04,1916.4545698763638,16468.8,1413.1052897785075,611.12,51.72258307548067,34.56,3.2009998437988094,34.56,3.2009998437988094,576.56,54.21592386006162,3065.12,196.31450685061458,3065.12,196.31450685061458,0.0,0.0
add_agent:67,add_agent,60,-228829.6806553814,82807.85413782152,-75237.53008487806,41003.278682791155,1416.52,101.78688324140788,38.44,15.476640462322564,24398.68,2093.824973009922,17315.32,1464.6385962414072,630.32,53.948657073183945,35.2,3.0199337741082988,35.2,3.0199337741082988,595.12,56.43638542642503,3164.08,199.70396490806084,3164.08,199.70396490806084,0.0,0.0
add_agent:48,add_agent,61,-233395.76370991644,87511.71979018721,-75614.64215138338,37987.9968203876,1451.56,99.05718752316764,39.12,15.80207581300634,25380.08,2015.6693363743966,18046.92,1411.8416319120215,646.56,53.142133942851785,35.76,3.023640190234281,35.76,3.023640190234281,610.8,55.75517913162866,3258.36,215.88494713620028,3258.36,215.88494713620028,0.0,0.0
add_agent:88,add_agent,62,-237563.357040824,87015.93325980159,-77538.68716522168,39209.53391647741,1492.96,98.7285085474302,39.76,16.187105979760556,26521.48,2072.7138561798633,18896.48,1434.9545531479387,665.56,53.29771477277426,36.36,3.1353468707624685,36.36,3.1353468707624685,629.2,55.98142549096084,3371.68,224.9383417739181,3371.68,224.9383417739181,0.0,0.0
add_agent:85,add_agent,63,-242896.52960930695,86458.73943568672,-79038.90133894625,39498.95419668423,1535.16,105.03358700910864,40.52,16.176822926644157,27731.6,2292.9364230174374,19800.4,1569.8954105289945,685.32,56.27910447048709,37.04,3.193493384993932,37.08,3.1864714026647096,648.24,58.96594271272189,3472.88,219.90130877282195,3472.88,219.90130877282195,0.0,0.0
add_agent:59,add_agent,64,-245909.40281848813,85154.40427327271,-81338.38369075337,39573.951720855366,1571.12,102.33799685356364,40.8,16.216041440499588,28787.2,2198.3829329759637,20581.44,1498.5686258560202,702.48,54.889795044252075,37.4,3.31058907144937,37.4,3.31058907144937,665.08,57.73450961080383,3567.16,240.13107753891416,3567.16,240.13107753891416,0.0,0.0
add_agent:97,add_agent,65,-246880.75711114824,85850.79077614359,-81767.06796205578,39407.726272442414,1613.76,105.15713195023912,41.08,16.181273126673315,30087.08,2413.3526873625415,21517.44,1599.8846728436397,722.84,57.39664101670061,37.92,3.3337066457623417,37.92,3.3337066457623417,684.92,60.34164068037925,3673.68,245.09030498981392,3673.68,245.09030498981392,0.0,0.0
add_agent:90,add_agent,66,-248692.37496889182,85969.73424114297,-81643.97359191928,39553.07161695115,1655.56,109.19123774369443,41.48,16.18423924687225,31400.36,2471.9935741016807,22503.04,1693.196066142371,742.96,59.0203219238933,38.2,3.370459909270543,38.2,3.370459909270543,704.76,61.85937600719879,3786.24,251.73562004611108,3786.24,251.73562004611108,0.0,0.0
add_agent:66,add_agent,67,-255257.61250962858,92179.04362409413,-83714.00958558568,41826.62424906634,1699.76,114.69447414762404,42.28,16.18028429910921,32772.4,2741.2691805074523,23532.08,1882.9451382342504,764.08,62.38840917991098,38.8,3.4058772731852796,38.8,3.4058772731852796,725.28,65.36391665131458,3898.24,254.9001812474836,3898.24,254.9001812474836,0.0,0.0
add_agent:49,add_agent,68,-257106.91889893662,92523.62059481289,-83295.86011044403,41488.35445259772,1731.96,113.31812917622672,42.52,16.16445483151226,33818.44,2665.7068117855724,24322.84,1820.1272412663902,779.44,61.43815101384481,39.04,3.4348799105645598,39.04,3.4348799105645598,740.4,64.36582944389049,3991.2,259.97399869987,3991.2,259.97399869987,0.0,0.0
add_agent:53,add_agent,69,-258006.76920915302,91641.03019477271,-82965.28212482031,42084.85503077019,1775.92,121.83001928917191,42.84,16.12620228076034,35233.52,2885.4833927090967,25373.52,2003.548035261446,800.68,64.67192281044379,39.44,3.188479261340742,39.44,3.188479261340742,761.24,67.28642062110303,4110.84,267.77194475896835,4110.84,267.77194475896835,0.0,0.0
add_agent:80,add_agent,70,-261114.12381036105,91120.26365933976,-83940.8698576677,42317.677383012975,1814.28,114.42919907086653,43.12,16.137707396033676,36532.72,2702.1396043876043,26324.12,1796.571297110137,819.2,61.4843069408772,39.8,3.3466401061363014,39.8,3.3466401061363014,779.4,64.36458653638661,4216.08,287.8548134042577,4216.08,287.8548134042577,0.0,0.0
add_agent:54,add_agent,71,-265445.6799765618,91816.91997501264,-84855.27815546343,41019.671458315635,1859.16,119.11764940595494,43.6,16.102173766296275,37990.96,2912.5557914656333,27399.52,1953.9787945625205,840.76,64.66732095888928,40.32,3.6079911308094976,40.32,3.6079911308094976,800.44,67.76788619988083,4339.68,291.01116404701725,4339.68,291.01116404701725,0.0,0.0
add_agent:52,add_agent,72,-266132.74390619766,91799.18782545815,-85474.14116919518,40814.9044201854,1898.52,125.93430668408034,44.0,16.094719630984567,39364.96,3121.7044636544315,28414.04,2145.364984891848,859.92,68.04052909847188,40.68,3.449289781969615,40.68,3.449289781969615,819.24,71.00550964537892,4445.76,283.91566071634725,4445.68,283.937418456955,0.0,0.0
add_agent:86,add_agent,73,-267112.93883943034,92566.94795882289,-85080.58969872376,41243.94855741113,1940.2,125.79697929600694,44.36,16.375298470562303,40878.08,3162.891637979398,29521.68,2079.861990036839,880.12,67.99489392594124,40.96,3.3404191353780743,40.96,3.3404191353780743,839.16,70.8720988824234,4563.48,297.9786730623519,4563.44,297.977459550215,0.0,0.0
add_agent:58,add_agent,74,-269199.4502995583,93414.28825126603,-86709.62826736123,40646.491600949965,1982.12,132.70397733300987,44.68,16.49416866653182,42338.28,3340.5578758045785,30616.8,2279.0769710564846,900.44,70.41254433692905,41.32,3.0947697814215513,41.32,3.0947697814215513,859.12,72.99716158865357,4675.16,301.3450752874518,4675.16,301.3450752874518,0.0,0.0
add_agent:55,add_agent,75,-277866.3758195087,97362.1279292641,-91159.79134609744,39624.44352494681,2034.92,129.51167360512335,45.68,16.590889065990403,44180.88,3332.9932651597123,32012.68,2307.6934063258923,925.6,70.0177120448819,42.12,3.4330161665800527,42.12,3.4330161665800527,883.48,72.94826660037921,4811.96,330.17189220162277,4811.96,330.17189220162277,0.0,0.0
add_agent:57,add_agent,76,-284562.07696472766,102577.75568436418,-93978.24230005889,43586.85085360358,2083.32,136.35826927619755,46.72,16.90330145267486,45796.92,3677.224485070227,33198.4,2530.811616853376,947.88,73.99476738256564,42.76,3.326018640957985,42.76,3.326018640957985,905.12,76.86940613794282,4926.8,328.4399488491009,4926.8,328.4399488491009,0.0,0.0
add_agent:60,add_agent,77,-300235.6592181883,93578.40644206453,-99711.18580155501,41004.78692353093,2127.68,133.93960429984855,48.56,15.74821894691587,47313.76,3424.106053030484,34341.68,2447.8971991486897,967.8,71.8242298949317,43.36,3.5986664196615945,43.36,3.5986664196615945,924.44,74.97310451088444,5046.0,344.14555060322954,5046.0,344.14555060322954,0.0,0.0
add_agent:72,add_agent,78,-301382.78679656883,92062.74025239628,-99885.52728171984,39772.37152830905,2161.96,137.26688748565695,48.76,15.677448772041961,48634.28,3607.997988026047,35337.0,2541.3361682390623,984.32,73.57647450102512,43.6,3.382306905057553,43.6,3.382306905057553,940.72,76.51327727917554,5149.6,345.14866362192396,5149.6,345.14866362192396,0.0,0.0
add_agent:61,add_agent,79,-305640.22432199627,96945.140542706,-101835.61223625651,43177.51176285679,2207.68,139.65119978002338,49.24,15.477157361737975,50327.04,3774.3121702371145,36610.52,2639.528141467713,1005.8,75.73638491504595,44.24,3.467333269243094,44.24,3.467333269243094,961.56,78.74164336613758,5279.52,351.4704107033763,5279.48,351.4551601556022,0.0,0.0
add_agent:63,add_agent,80,-314365.5168895591,98578.89248841688,-104542.1923453551,43707.806765720416,2257.0,149.12679169082932,50.24,15.77664096061009,52147.16,4019.3052999741135,37979.0,2914.266851199457,1028.96,79.2991702352553,45.04,3.3997646977401246,45.04,3.3997646977401246,983.92,82.24301550891724,5410.16,360.3551226221157,5410.16,360.3551226221157,0.0,0.0
add_agent:62,add_agent,81,-317220.43248087185,96672.8437458461,-105972.33315782185,43546.579728608296,2295.28,150.5032943161046,50.76,15.466816091232223,53542.12,4050.8342876005186,39026.76,2914.305821700942,1047.16,80.5231295964085,45.44,3.335625878302302,45.44,3.335625878302302,1001.72,83.38034300721003,5526.24,367.8483687608251,5526.24,367.8483687608251,0.0,0.0
add_agent:65,add_agent,82,-319762.6443511865,96643.19685096247,-106840.4554629929,42502.540885361144,2339.32,149.80219491048857,51.08,15.421854622580256,55285.04,4147.650279182178,40343.2,2942.7332193048014,1068.36,80.58728435677678,45.92,3.260920115550211,45.92,3.260920115550211,1022.44,83.37677374425087,5657.04,375.9623896083224,5657.04,375.9623896083224,0.0,0.0
add_agent:74,add_agent,83,-320978.3160080989,96046.39408694043,-106973.95737201175,42596.78805529771,2383.68,151.6940921723717,51.48,15.492243220399038,57049.72,4126.926919827876,41666.56,2965.0493295053284,1089.8,81.0086415143471,46.32,3.0947697814215513,46.32,3.0947697814215513,1043.48,83.74060902572897,5783.0,383.7528371230628,5782.96,383.83699456930935,0.0,0.0
add_agent:64,add_agent,84,-325261.9926727746,97706.94207405052,-109031.31661937786,43304.17978143108,2430.0,158.7105541544103,52.08,15.859180306686726,58830.2,4415.966920165956,43036.68,3141.7128668291757,1111.8,84.03285071922765,46.84,3.081298427611321,46.84,3.081298427611321,1064.96,86.60830445170947,5919.2,379.3669463725062,5919.2,379.3669463725062,0.0,0.0
add_agent:87,add_agent,85,-331448.0607894561,98025.86855396403,-112407.19135869578,44482.92198471028,2480.12,157.29394648237422,53.12,16.541632325741013,60795.96,4357.224249266957,44520.88,3133.206285197322,1135.56,83.2389716418938,47.4,3.098386676965934,47.4,3.098386676965934,1088.16,85.76464539657351,6056.68,394.87331841997127,6056.68,394.87331841997127,0.0,0.0
add_agent:69,add_agent,86,-338799.6403571289,97778.46050421479,-113540.58568225038,43364.452974523374,2527.16,164.95906886255148,54.08,16.475242031606093,62752.6,4711.092425329819,46015.52,3355.7005363411085,1157.96,87.09740753891586,47.88,2.8045677028732965,47.88,2.8045677028732965,1110.08,89.36349142686849,6196.84,391.67197295696303,6196.8,391.71622381514914,0.0,0.0
add_agent:71,add_agent,87,-348306.81413054786,102068.45233416626,-118309.95385776825,44136.868323123315,2569.48,169.34417498101314,54.84,16.837291943777654,64484.4,4785.334688399548,47322.12,3464.657735707815,1178.2,88.6385920465798,48.32,2.708800472533922,48.32,2.708800472533922,1129.88,90.65994484886917,6325.48,401.2400897218522,6325.4,401.26958519180096,0.0,0.0
add_agent:68,add_agent,88,-350225.7030144833,102706.49837238215,-120122.70532765973,43822.75584994487,2612.56,163.14486323510155,55.28,16.753554846658663,66269.32,4606.042958722813,48689.0,3330.887797569891,1198.92,85.95995346671612,48.72,2.7352513595646006,48.72,2.7352513595646006,1150.2,88.07814711947567,6458.44,421.7672419712086,6458.44,421.7672419712086,0.0,0.0
add_agent:82,add_agent,89,-352151.66132384347,103184.42904388782,-119894.34682802689,44174.30294442868,2660.44,163.00480483715813,55.68,16.794570551222794,68298.08,4644.2479857992075,50204.84,3313.928251245038,1222.04,86.06020218428493,49.2,2.8425340807103785,49.2,2.8425340807103785,1172.84,88.23816861200147,6595.96,421.40892064596824,6595.96,421.40892064596824,0.0,0.0
add_agent:77,add_agent,90,-355638.47597465664,105147.93308187381,-123641.73579200506,45777.67670472997,2714.44,170.2626394720815,56.52,16.84546229701043,70510.04,4897.954662754649,51921.08,3582.7982797807636,1247.08,89.02760021476486,50.08,2.869425029513753,50.08,2.869425029513753,1197.0,90.75990304093543,6744.8,428.2362899148086,6744.8,428.2362899148086,0.0,0.0
add_agent:92,add_agent,91,-357687.81409214303,106002.20080026484,-124048.35089307021,43708.135763743245,2754.56,167.2115019967227,56.84,16.689349897464552,72289.28,4737.588420451908,53282.36,3423.5122535781875,1266.64,87.73910416684228,50.24,2.8604894686049795,50.24,2.8604894686049795,1216.4,89.56025904384153,6870.36,441.3376829594319,6870.36,441.3376829594319,0.0,0.0
add_agent:75,add_agent,92,-357749.90878733405,109125.07645214161,-120811.75978775481,44875.36666639484,2803.04,174.70351570589528,58.32,17.12476569182773,74405.08,5007.743379367597,54906.76,3634.3582352872154,1290.04,91.01449554878607,50.72,2.8498421008890995,50.72,2.8498421008890995,1239.28,92.57192663005345,7022.76,429.91024923814035,7021.8,429.6249527203931,0.0,0.0
add_agent:93,add_agent,93,-357231.77968042076,111764.20699913586,-119823.16008392748,46752.1371571733,2850.16,171.96108396960054,60.04,19.14258080824004,76695.64,5120.65401197933,56580.04,3731.237119026342,1312.84,90.13753047427026,51.16,2.9350298124550624,51.16,2.9350298124550624,1261.64,91.70032933419596,7153.68,434.6931533852357,7151.08,434.36932856729203,0.0,0.0
add_agent:78,add_agent,94,-359564.25295990123,110377.30919809708,-120541.21008570911,45928.38165031213,2902.2,170.23771615009406,60.52,19.638981643659633,78947.28,5268.965329322256,58269.16,3717.542668806909,1337.56,89.2367995840281,51.72,3.19399436442834,51.72,3.19399436442834,1285.84,90.84214000121311,7290.96,452.6816523783574,7288.36,453.10739389244134,0.0,0.0
add_agent:79,add_agent,95,-366559.28822254133,110483.63698462077,-121032.40054647198,48340.16537829477,2966.24,183.99810433806104,61.6,20.890189084831185,81861.04,6411.840961720744,60392.12,4122.698653260992,1367.88,94.35563364208838,52.84,4.277195342745056,52.88,4.411983680840173,1315.04,95.17582886426575,7449.24,468.12786971083017,7446.6,469.1644487810218,0.0,0.0
add_agent:96,add_agent,96,-376245.40688121284,109193.88105750171,-126155.66153820712,47022.541283134786,3018.44,198.94382724779373,62.88,21.924087210189622,84144.08,7211.063615972335,62108.48,4488.974743702619,1392.16,100.56229114335056,53.76,4.860288057306891,53.76,4.860288057306891,1338.4,100.80238092426191,7586.84,455.36400209063515,7584.24,456.98291259083203,0.0,0.0
add_agent:89,add_agent,97,-376849.1599367578,109848.72345515882,-126378.06481758613,46976.91688578016,3060.28,196.00173876779763,63.04,22.154873053123094,86010.0,6975.634417026168,63568.8,4274.12036330284,1411.76,99.1984999886591,54.28,4.862262847687279,54.28,4.862262847687279,1357.48,99.40910219894353,7710.8,460.2907776612519,7708.2,462.53907943005214,0.0,0.0
add_agent:91,add_agent,98,-379314.6919617555,108316.32248060594,-126354.80236721958,47554.8872055361,3117.92,203.99351362236987,63.76,21.783075999500166,88641.6,7762.1625440337175,65586.88,4404.6311475082675,1439.52,102.50194924975817,54.84,4.920812940968189,54.84,4.920812940968189,1384.68,102.17464264679373,7879.04,486.5120331502603,7876.44,489.08772873585775,0.0,0.0
add_agent:98,add_agent,99,-386281.0265322309,110790.2098588975,-127327.90584076727,47919.068364867315,3162.4,210.3499940575231,64.4,22.054478003344354,90794.04,8087.317480994547,67236.6,4523.103615881467,1461.2,105.07178498531373,55.16,4.937043649796911,55.16,4.937043649796911,1406.04,104.68256015210939,8019.24,481.5913022470402,8016.64,484.76847092194436,0.0,0.0
add_agent:99,add_agent,100,-389172.7699438355,110763.5250940827,-129267.85334380691,47744.78506925032,3211.28,220.35889271822003,64.84,21.942980654414296,93176.44,8699.22155174818,69070.32,4820.311995877445,1485.04,109.53154066295244,55.52,4.980923609131142,55.52,4.980923609131142,1429.52,108.77026064140878,8165.92,479.97565938284833,8163.32,483.6242938480242,0.0,0.0
change_constraint:89-87:-2.18;4.505;-4.974,change_constraint,100,-394358.2392535532,112027.01101761882,-128154.69950829155,48771.43440100165,3266.16,221.1988571399048,65.84,21.584587093572114,95733.4,9003.439062935895,71057.2,4797.3831283315285,1511.0,110.22232078848639,56.16,4.83056932462417,56.16,4.83056932462417,1454.72,109.08584509458595,8329.92,515.8713731154307,8326.76,520.7182178491548,0.48,0.499599839871872
change_constraint:1-9:2.952;2.657;-1.739,change_constraint,100,-407694.4275113765,112520.39023376814,-134809.8519138722,52117.308981405295,3315.28,239.01272267391963,67.2,22.012723593412968,97896.52,9776.033105999591,72668.08,5129.896926215964,1532.8,117.0664768411521,56.72,5.302980294136496,56.72,5.302980294136496,1476.04,115.37538038940544,8479.28,504.8197714036168,8476.52,508.9896753373294,1.48,0.499599839871872
change_constraint:50-27:-4.173;4.795;3.886,change_constraint,100,-412100.01584323036,110772.43915370606,-133619.71142231004,49534.71895093445,3352.72,236.2160908998369,67.84,21.922919513604935,99543.36,9849.640415284204,73931.8,5092.739090116438,1549.52,115.7604837584916,57.0,5.299056519796708,57.0,5.299056519796708,1492.52,114.10280277013358,8612.48,524.9917424112498,8609.64,529.1887285269784,2.4,0.4898979485566357
change_constraint:59-60:-4.449;-1.366;-0.371,change_constraint,100,-413584.8987795514,110027.60755376726,-133704.78492809346,50961.33873626495,3399.12,248.48296843043389,68.36,21.999781817099915,101623.96,10599.37791185879,75483.08,5353.816342909047,1570.36,121.92682395601061,57.52,5.499963636243425,57.52,5.499963636243425,1512.84,120.03222234050321,8776.96,526.5525979425037,8774.28,531.0503192730422,3.28,0.44899888641287294
change_constraint:11-36:-0.397;1.582;2.456,change_constraint,100,-421106.92475119507,110360.19409513356,-136519.6193061668,48227.07856085594,3437.52,249.24672435159508,69.44,21.850546903910665,103312.92,10760.895921511368,76760.48,5438.668970400755,1587.4,122.65137585856914,57.92,5.53476286754907,57.92,5.53476286754907,1529.44,120.69435115199053,8936.84,542.1546406699845,8934.16,547.2449309038869,4.32,0.46647615158762407
change_constraint:73-29:-2.066;-1.237;-0.919,change_constraint,100,-424096.2421533226,112055.4933043041,-136713.68484382602,48465.124325567645,3476.64,252.6390120310005,69.96,21.84029303832712,105012.48,10915.589006993623,78027.0,5529.273898081013,1605.08,124.33822260270573,58.32,5.518840457922298,58.32,5.518840457922298,1546.76,122.65864176648948,9100.52,571.628559118594,9097.76,577.0329820729487,5.28,0.44899888641287306
change_constraint:35-46:4.85;0.751;-1.395,change_constraint,100,-426524.299990575,112918.15428812691,-135853.29139931395,49248.60274220097,3505.4,259.37817949858464,70.2,21.967248348393568,106304.32,11273.071903327858,78984.88,5714.390391424093,1617.96,127.91418373268854,58.6,5.556977595779922,58.6,5.556977595779922,1559.36,126.21438269864494,9242.08,563.0977833378497,9239.36,568.7527322132175,6.32,0.46647615158762407
change_constraint:94-88:-2.493;0.686;4.11,change_constraint,100,-426580.4880731895,113924.28874980821,-135809.5426730478,49642.98481857194,3542.72,262.6922945196528,71.04,21.754043302338072,107923.28,11560.222217656545,80212.04,5791.31970783862,1634.2,129.92182264731358,59.0,5.4845236803208355,59.0,5.4845236803208355,1575.2,128.28780144659117,9416.4,576.4086744663026,9413.64,582.4493028581973,7.44,0.49638694583963416
change_constraint:69-68:3.422;2.495;2.798,change_constraint,100,-426518.13757985114,113819.61043138958,-135622.93929673787,48355.80259509252,3573.6,275.2181680049484,71.76,22.17436357598567,109234.2,12226.369515109543,81151.48,6091.561908870335,1647.24,134.9868971419078,59.44,5.9402356855599585,59.44,5.9402356855599585,1587.8,132.8490873133873,9561.04,581.8173239084584,9558.4,587.9438068387147,8.32,0.46647615158762407
change_constraint:77-78:2.953;-0.845;3.284,change_constraint,100,-432064.31017661706,115754.19362043482,-139075.64614060192,49971.29531636587,3604.56,286.27358662649965,72.52,22.31792105013368,110572.52,12774.59636033953,82112.48,6354.58094996043,1660.6,139.93598536473743,59.8,6.368673331236264,59.8,6.368673331236264,1600.76,137.32684515417952,9728.8,592.1520750618037,9726.04,598.2358384450066,9.28,0.4489988864128729
remove_agent:96,remove_agent,99,-428007.75378774496,113941.07724812021,-135612.78442743263,49300.7779226229,3586.96,288.0424246530361,72.08,22.263728349043426,110665.44,12760.29322258701,82323.96,6091.248341547076,1648.0,147.04774734758774,59.44,6.375452925086969,59.52,6.475306942531759,1594.92,134.89638097443535,9822.68,586.4334042327397,9819.56,592.8353619682281,10.0,0.0
remove_agent:66,remove_agent,98,-424817.1674162726,112494.84784639343,-138115.9095471128,47558.842001536534,3579.96,292.06499002790457,72.04,22.17833176774123,110978.48,12809.009214205445,82284.56,6094.933181454905,1646.84,149.00058523375,59.04,6.496029556583005,59.16,6.58896046429177,1589.84,135.6131793005385,9920.24,595.5937058095896,9917.04,601.9148431464372,10.0,0.0
remove_agent:75,remove_agent,97,-419352.95043989946,111542.58758018231,-138139.70530093057,47692.28499739475,3579.24,294.72295872564797,72.32,22.353022167035935,111274.16,13022.085647637248,82438.96,6311.833555980385,1647.0,152.24007356803267,58.4,6.675327707311453,59.24,6.628906395477312,1588.44,136.4249478651174,10031.12,595.7298260117584,10027.92,602.1154653386675,10.0,0.0
remove_agent:18,remove_agent,96,-422082.23495543114,105850.4988599923,-137584.7973404946,43758.61543730412,3574.12,293.4191977359355,72.6,22.15761720041214,111467.64,12863.460342784907,82042.68,6604.2320233014225,1647.64,150.66303594445455,58.2,6.368673331236264,59.52,6.536788202167789,1581.36,136.75756066850562,10136.48,616.17887792426,10133.32,622.5468798411891,9.8,0.3999999999999999
remove_agent:93,remove_agent,95,-420611.63453971175,102578.94838380582,-136832.08684825848,41195.18750777517,3572.8,298.4360568027932,72.4,22.110630927225937,111410.4,13124.784286227336,82107.56,6625.426525620821,1646.04,155.43808542310344,57.56,6.425449400625609,59.4,6.523802572120037,1581.32,137.13109640048827,10198.68,587.4677672860018,10195.48,594.0383906785823,9.8,0.3999999999999999
remove_agent:79,remove_agent,94,-420052.56058234605,103160.98251090209,-138000.7584897965,42978.463266899955,3565.76,300.15066616617725,72.72,22.09528456481156,111500.16,13268.660862890423,82102.08,6627.773489913487,1641.8,157.34878455202633,57.32,6.643613474608529,59.56,6.669812591070307,1575.88,137.32219631217671,10312.88,617.3022157744132,10309.48,623.4601587912415,9.8,0.3999999999999999
remove_agent:81,remove_agent,93,-419490.8796295041,103894.42662882453,-138596.08329513797,42855.2459184268,3558.0,302.56966140047814,72.56,22.083622891183413,111208.28,13385.651549386756,81825.88,6466.461791861141,1639.8,159.42145401419472,57.04,6.654201680141653,59.76,6.677005316756908,1568.08,138.57674263742817,10398.4,619.9635473154854,10394.96,626.1296658041368,9.8,0.3999999999999999
remove_agent:0,remove_agent,92,-413897.8102747574,105173.23874604814,-139440.74022364867,42796.64878846068,3543.08,287.68982185680466,71.44,21.819404208181304,111163.04,13119.845616408755,81570.96,6389.012026784736,1636.56,147.3844170867463,57.04,6.690171896147363,59.12,6.094719025517092,1562.6,139.23964952555718,10491.84,676.1672384846813,10488.44,682.6364232884149,9.4,0.7999999999999999
remove_agent:88,remove_agent,91,-410905.5057665822,105424.08064669189,-138555.89418336088,42396.12923534433,3533.88,289.7201850061538,72.2,22.67333235322942,110895.88,13201.396660414382,81206.76,6205.696159368423,1634.96,150.98065571456496,56.92,6.674848312883222,59.04,5.8136391356877315,1553.2,138.02144760869595,10575.52,688.2307822235213,10571.96,694.5793247714764,9.2,0.7483314773547881
remove_agent:9,remove_agent,90,-365071.83684832766,160246.78968598662,-147519.78919301316,52205.547099362775,3110.76,1179.4416400992463,64.48,30.679139492495548,98321.6,38573.52348749074,72378.28,27398.896128888115,1429.12,543.6040706249356,49.56,19.49375284546308,51.8,19.98799639783838,1377.6,527.199089528804,9318.76,3509.8459941142714,9315.4,3510.0894803409215,7.56,3.0994193004496826
