event,type,num_agents,node_cost,node_cost-std,edge_cost,edge_cost-std,message_count,message_count-std,num_changes,num_changes-std,announce_msg_count,announce_msg_count-std,announce_res_msg_count,announce_res_msg_count-std,add_me_count,add_me_count-std,child_added_count,child_added_count-std,parent_assigned_count,parent_assigned_count-std,already_active_count,already_active_count-std,ping_msg_count,ping_msg_count-std,ping_msg_resp_count,ping_msg_resp_count-std,constraint_changed_count,constraint_changed_count-std
add_agent:0,add_agent,1,0.0,0.0,0.0,0.0,0.0,0.0,0.0,0.0,0.0,0.0,0.0,0.0,0.0,0.0,0.0,0.0,0.0,0.0,0.0,0.0,0.0,0.0,0.0,0.0,0.0,0.0
add_agent:1,add_agent,2,-19409.72417857736,11768.863677335792,-6130.019051869558,6720.086208657829,3.6,1.2,1.8,0.6,1.6,0.8,0.9,0.3,0.9,0.3,0.9,0.3,0.9,0.3,0.0,0.0,0.1,0.30000000000000004,0.1,0.30000000000000004,0.0,0.0
add_agent:8,add_agent,3,-26085.31311724584,9766.034958690305,-7873.0375211061255,6273.729450104006,6.2,1.8867962264113207,2.6,1.0198039027185568,3.9,1.9209372712298547,1.4,0.66332495807108,1.3,0.45825756949558405,1.3,0.45825756949558405,1.3,0.45825756949558405,0.0,0.0,1.9,0.8306623862918076,1.9,0.8306623862918076,0.0,0.0
add_agent:29,add_agent,4,-29231.559095255267,13554.756868962211,-9117.00023713461,7328.073608659016,10.7,2.6476404589747453,3.2,1.8867962264113207,9.4,3.6386810797320503,3.2,1.5362291495737217,2.4,0.6633249580710802,2.1,0.5385164807134505,2.1,0.5385164807134505,0.3,0.6403124237432848,5.3,2.147091055358389,5.3,2.147091055358389,0.0,0.0
add_agent:2,add_agent,5,-29231.559095255267,13554.756868962211,-8525.040125274792,7142.416356338905,15.3,2.4919871588754225,3.2,1.8867962264113207,19.0,4.0,7.5,5.044799302251775,4.1,1.5779733838059504,2.5,0.5,2.5,0.5,1.6,1.9595917942265426,11.9,2.5475478405713994,11.9,2.5475478405713994,0.0,0.0
add_agent:4,add_agent,6,-42211.806172110184,18973.182566025804,-13622.781597031553,9963.953858193505,24.8,5.491812087098393,4.4,2.0099751242241783,41.0,11.983321743156194,17.5,11.49130105775669,7.7,3.195309061734091,3.4,0.8,3.4,0.8,4.3,3.5227829907617076,20.9,3.2078029864690882,20.9,3.2078029864690882,0.0,0.0
add_agent:10,add_agent,7,-49317.54043810914,22108.373697075767,-10950.429472664524,11860.10072590891,33.5,7.379024325749306,5.3,2.368543856465402,68.1,19.41365498817778,29.2,15.619218930535547,11.3,4.473253849269009,3.9,0.9433981132056604,3.9,0.9433981132056604,7.3,5.060632371551998,27.9,5.166236541235795,27.9,5.166236541235795,0.0,0.0
add_agent:39,add_agent,8,-51777.74734419656,20843.93095263653,-10596.577684769727,12499.128848961827,43.4,8.200000000000001,5.7,2.4515301344262523,103.8,26.89535275842278,45.6,20.611647192788837,15.5,5.352569476429054,4.3,1.1,4.3,1.1,11.2,6.321392251711644,38.6,6.755738301621815,38.6,6.755738301621815,0.0,0.0
add_agent:3,add_agent,9,-59031.581486484596,16614.409496102642,-7721.799457720044,11226.371945974257,57.4,13.857849761056007,7.4,3.3823069050575527,152.3,41.641445700167516,70.1,30.62172431461037,20.4,7.539230729988305,5.5,1.3601470508735443,5.5,1.3601470508735443,14.9,8.360023923410745,52.9,10.718675291284834,52.9,10.718675291284834,0.0,0.0
add_agent:6,add_agent,10,-61088.484227212844,16760.85532399241,-8360.018159706178,9606.522484498564,65.4,15.963708842245902,7.9,3.6728735344413916,186.6,53.8631599518632,83.8,33.75144441353584,23.5,8.902246907382429,5.9,1.445683229480096,5.9,1.445683229480096,17.6,9.76933979345585,67.5,12.690547663517126,67.5,12.690547663517126,0.0,0.0
add_agent:54,add_agent,11,-68575.31801926895,23230.52004171865,-7215.051013778383,7753.49716334467,78.8,20.575713839378697,8.9,3.5623026261113755,246.9,74.15989482193189,113.1,47.344376646017835,28.9,11.255665240224587,6.4,1.2806248474865698,6.4,1.2806248474865698,22.5,12.05197079319395,83.4,15.74293492332354,83.4,15.74293492332354,0.0,0.0
add_agent:42,add_agent,12,-71979.81155452307,27323.081075798305,-11591.464097544584,14471.774308936721,89.1,21.360945671950013,9.3,3.8742741255621036,301.2,83.49107736758462,143.0,60.473134530963414,33.4,12.216382443260361,6.8,1.32664991614216,6.8,1.32664991614216,26.6,13.283071933856265,98.5,19.607396563542036,98.5,19.607396563542036,0.0,0.0
add_agent:5,add_agent,13,-77280.11535028994,24473.672276556954,-15177.300264571653,16584.666367770173,103.2,25.325086376950424,9.8,4.142463035441596,384.7,99.61531006828216,185.5,74.55233061413976,39.3,13.587126259809319,7.5,1.2041594578792296,7.5,1.2041594578792296,31.8,14.211263138792415,120.7,21.858865478336245,120.7,21.858865478336245,0.0,0.0
add_agent:16,add_agent,14,-104120.51584881921,44081.081802123925,-14645.320869051953,21958.656057772718,133.0,30.407235980930594,12.6,5.624944444170094,533.4,121.0199983473806,268.8,87.05492519093907,50.7,14.812494725737459,9.0,1.5491933384829668,9.0,1.5491933384829668,41.7,15.34959282847594,150.1,23.76741466798608,150.1,23.76741466798608,0.0,0.0
add_agent:62,add_agent,15,-112237.67638038332,44088.94808663686,-17100.8817860997,21957.921889393045,148.9,26.413822139175544,13.7,5.984145720150872,608.4,109.78815965303362,315.0,96.15716301971476,56.4,14.21407752898513,10.2,1.4696938456699067,10.2,1.4696938456699067,46.2,15.302287410710857,170.6,29.45912422323515,170.6,29.45912422323515,0.0,0.0
add_agent:9,add_agent,16,-122251.66599972511,46336.08917369532,-19365.621988509498,21320.97621005713,159.6,23.942430954270286,15.1,6.34744042902334,683.1,118.10626571016459,356.7,96.17697229586716,60.3,14.893287078412206,10.5,1.8027756377319946,10.5,1.8027756377319946,49.8,16.46693656998775,195.6,36.61748216357864,195.5,36.409476788330814,0.0,0.0
add_agent:23,add_agent,17,-124964.77921983294,46288.891697947176,-20005.15140287268,18798.123403682588,177.7,26.0731662825979,15.8,6.462197768561405,810.7,166.81609634564646,433.3,125.42890416486944,68.1,17.213076424625555,11.1,1.8138357147217055,11.1,1.8138357147217055,57.0,18.9103146457165,226.4,40.99560952102066,226.4,40.99560952102066,0.0,0.0
add_agent:11,add_agent,18,-128725.61244021796,43508.1872802657,-20622.93074570187,16801.897204633664,196.7,36.95416079415145,16.7,5.933801479658718,957.4,239.6894657676887,522.1,179.4427206659551,76.1,22.137976420621644,11.8,1.4,11.8,1.4,64.3,23.263920563825867,257.3,32.30495318058827,257.3,32.30495318058827,0.0,0.0
add_agent:20,add_agent,19,-144817.86169999992,55968.47039543673,-27570.706852732044,24009.918177822678,220.3,41.651050406922515,18.4,6.575712889109438,1147.6,273.64363687102247,644.1,201.5913936655035,85.7,24.22003303053074,12.6,1.6852299546352716,12.6,1.6852299546352716,73.1,25.645467435786777,294.7,40.51678664455018,294.7,40.51678664455018,0.0,0.0
add_agent:64,add_agent,20,-161529.47883583064,50610.096732618564,-29381.532580163323,25553.308073378408,237.7,41.58136601892728,20.2,6.013318551349164,1278.8,270.70493161374065,731.0,211.36177516287094,93.1,24.05181905802553,13.0,1.6733200530681511,13.0,1.6733200530681511,80.0,25.487251715318386,322.6,48.9840790461554,322.6,48.9840790461554,0.0,0.0
add_agent:7,add_agent,21,-165285.95816792926,48625.839817756336,-31447.929950299796,24395.90297807723,256.1,47.29154258427187,20.8,5.96322060635023,1437.1,302.9007923396702,829.5,220.17913161787155,100.5,26.000961520682267,13.8,1.7204650534085253,13.8,1.7204650534085253,86.7,26.92229559305818,358.6,51.141372683963034,358.6,51.141372683963034,0.0,0.0
add_agent:13,add_agent,22,-165285.95816792926,48625.839817756336,-34348.45302473333,24887.022761539996,275.5,45.98314908746464,20.8,5.96322060635023,1619.1,289.01295818699896,935.7,227.55485053059186,108.6,25.38582281510686,14.7,1.4866068747318506,14.7,1.4866068747318506,93.9,26.515844319953306,393.1,56.408244078326,393.1,56.408244078326,0.0,0.0
add_agent:96,add_agent,23,-168352.5690025993,51551.98950160158,-34879.40748648311,19027.42889833867,294.3,49.83783703171718,21.5,6.5612498809297,1789.2,315.6209118547121,1044.7,236.52866633877593,116.3,26.226132006073637,15.3,1.1874342087037917,15.3,1.1874342087037917,101.0,26.959228475607382,436.5,59.162910678904225,436.5,59.162910678904225,0.0,0.0
add_agent:41,add_agent,24,-193864.97575815936,31533.9454679863,-47475.5187879608,22862.05729537591,322.0,54.93632677928149,24.2,4.995998398718719,2031.0,371.9413932328587,1199.9,267.6405985645676,126.6,27.90053762922858,16.7,1.268857754044952,16.7,1.268857754044952,109.9,28.129877354869503,487.8,56.93996838776783,487.8,56.93996838776783,0.0,0.0
add_agent:47,add_agent,25,-203393.0690603142,41417.45239355487,-43331.88923708583,23064.15071155169,344.4,53.865016476373604,26.2,5.912698199637793,2244.8,349.7672940684992,1334.8,251.4,135.1,26.413822139175544,17.6,1.3564659966250536,17.6,1.3564659966250536,117.5,26.488676826145923,536.0,67.78200351125658,536.0,67.78200351125658,0.0,0.0
add_agent:67,add_agent,26,-203393.0690603142,41417.45239355487,-43346.99723708583,23064.56895226977,359.7,53.48467070105227,26.2,5.912698199637793,2410.4,331.94342891522945,1437.8,253.4043409257229,141.7,26.14593658678151,18.0,1.4142135623730951,18.0,1.4142135623730951,123.7,26.29847904347322,576.8,63.93090019700959,576.8,63.93090019700959,0.0,0.0
add_agent:84,add_agent,27,-206089.3190603142,39363.06213734389,-42855.94266138064,21210.61619360974,382.0,53.78847460190705,26.6,5.642694391866353,2669.2,345.3501990733464,1620.2,269.2247388335626,151.6,26.150334605889846,18.6,1.7435595774162693,18.6,1.7435595774162693,133.0,26.225941355840785,636.1,65.39640662911076,636.1,65.39640662911076,0.0,0.0
add_agent:90,add_agent,28,-206089.3190603142,39363.06213734389,-42201.450309525775,20822.32222340432,400.2,53.49915887189256,26.6,5.642694391866353,2877.2,357.9273110563093,1751.1,289.07834578190045,159.5,25.730332294783913,19.0,1.7320508075688772,19.0,1.7320508075688772,140.5,25.80794451326955,679.5,61.82758284131768,679.5,61.82758284131768,0.0,0.0
add_agent:12,add_agent,29,-206089.3190603142,39363.06213734389,-40722.115030449495,23424.09175064109,422.5,52.094625442554054,26.6,5.642694391866353,3131.0,371.8720209964713,1920.9,306.10699109951736,168.7,25.53448648396909,19.9,1.445683229480096,19.9,1.445683229480096,148.8,26.095210288480143,733.5,62.04554778547773,733.5,62.04554778547773,0.0,0.0
add_agent:17,add_agent,30,-206089.3190603142,39363.06213734389,-41409.92503044949,24080.377166428505,443.3,55.414889695820925,26.6,5.642694391866353,3413.8,444.9523120515276,2113.0,345.31811420775483,178.2,27.275630148541023,20.3,1.676305461424021,20.3,1.676305461424021,157.9,28.104981764804617,790.0,62.651416584144364,790.0,62.651416584144364,0.0,0.0
add_agent:15,add_agent,31,-206089.3190603142,39363.06213734389,-38776.71062111501,23541.50591144828,465.8,60.20431878196115,26.8,5.758472019555188,3738.4,483.8345171647017,2324.7,359.4011825244875,188.6,28.66077458827657,20.5,1.5,20.5,1.5,168.1,29.35114989229553,848.9,65.96430853120496,848.9,65.96430853120496,0.0,0.0
add_agent:65,add_agent,32,-208599.0690603142,42067.71926938009,-39134.21062111501,23693.967176173985,492.0,64.94613152451807,27.0,6.099180272790763,4112.1,530.0834745584887,2567.4,366.79182106475605,200.5,30.427783356662708,21.1,1.8138357147217055,21.1,1.8138357147217055,179.4,30.64702269389312,908.0,61.57109711544857,908.0,61.57109711544857,0.0,0.0
add_agent:14,add_agent,33,-211909.2578921225,40734.39699801464,-40881.72075279793,25350.74384376535,520.6,59.702931251321324,27.5,5.920304046246273,4535.4,439.1922585838689,2848.3,303.92105882942695,213.8,27.632589455206695,21.5,1.3601470508735443,21.5,1.3601470508735443,192.2,28.02784329911954,970.0,71.35965246552144,969.9,71.15258252516209,0.0,0.0
add_agent:22,add_agent,34,-212757.67895005486,39830.26453736376,-42621.546566577614,24861.56883901601,549.4,61.96321489399981,27.9,6.10655385630881,4943.5,497.97294103193997,3111.7,319.9993906244198,225.8,28.428155057970258,22.5,0.9219544457292888,22.5,0.9219544457292888,203.3,28.534365246137856,1032.2,71.1319899904396,1032.2,71.1319899904396,0.0,0.0
add_agent:71,add_agent,35,-222786.56638312334,54940.0648754408,-43720.59462106554,23723.59079640565,579.9,65.69238920910092,29.4,8.534635317340747,5390.6,467.8156046991165,3404.7,335.3711526055871,239.0,28.53769437077915,23.0,1.4142135623730951,23.0,1.4142135623730951,216.0,28.6041954964652,1093.0,71.09008369667319,1093.0,71.09008369667319,0.0,0.0
add_agent:30,add_agent,36,-223364.6246486969,54603.39216341142,-42612.29708140494,24500.84260154976,606.3,62.968325370776704,29.7,8.602906485601247,5824.2,446.44144072879254,3685.5,298.0819518186232,251.4,27.310071402323356,23.4,1.42828568570857,23.4,1.42828568570857,228.0,27.309339061939966,1159.6,78.22684961060365,1159.6,78.22684961060365,0.0,0.0
add_agent:21,add_agent,37,-223364.6246486969,54603.39216341142,-42612.29708140494,24500.84260154976,630.1,60.82178885892785,29.7,8.602906485601247,6209.2,434.1278152802467,3937.4,293.156681656755,262.8,27.04366839021659,23.6,1.3564659966250536,23.6,1.3564659966250536,239.2,27.13963890695674,1216.5,70.12167995705751,1216.5,70.12167995705751,0.0,0.0
add_agent:36,add_agent,38,-229142.2294598824,48737.54496979695,-43733.627650791386,24115.63781631292,662.0,58.76563621709545,30.1,8.371977066380438,6758.4,465.04305177047854,4319.5,295.941970663169,277.5,26.119915773217954,24.1,1.0440306508910548,24.1,1.0440306508910548,253.4,26.06990602207841,1291.3,67.24589206784307,1291.3,67.24589206784307,0.0,0.0
add_agent:18,add_agent,39,-235533.47945988242,54857.004023616864,-43186.515196382716,24824.9672060796,692.0,69.98285504321755,30.5,8.686195945291587,7263.9,608.2713950203479,4690.5,410.6069288260976,290.6,29.357111574540163,24.9,1.513274595042156,24.9,1.513274595042156,265.7,28.698606237934275,1361.2,67.60739604510738,1361.2,67.60739604510738,0.0,0.0
add_agent:19,add_agent,40,-236713.54332305733,54386.82304035716,-43183.978852890126,24822.075035856513,716.6,59.59060328608865,30.7,8.69540108333135,7740.4,480.10273900489256,5006.9,345.518002425344,302.4,24.795967414077634,25.1,1.5779733838059504,25.1,1.5779733838059504,277.3,24.433788081261568,1422.3,75.8011213637371,1422.2,75.75592386077804,0.0,0.0
add_agent:35,add_agent,41,-242578.2791916104,49890.39852702083,-42537.69419723882,24133.885976559664,746.9,53.858054179481826,31.3,8.319254774317228,8335.3,507.8249796928071,5387.2,357.69003340881613,316.7,23.757314663067458,25.6,1.4282856857085702,25.6,1.4282856857085702,291.0,23.5966099260042,1495.9,73.32046099145859,1495.8,73.29365593282955,0.0,0.0
add_agent:52,add_agent,42,-246583.44535896237,49544.432589171534,-42584.61186290584,24295.482061291063,782.9,51.93351519009665,31.9,8.560957890329796,8984.7,552.480958947908,5814.8,437.54103807528725,333.2,23.890583919192935,26.1,1.374772708486752,26.1,1.374772708486752,307.1,23.89748940788551,1569.5,77.41737531071432,1569.5,77.41737531071432,0.0,0.0
add_agent:55,add_agent,43,-249936.12077754154,52666.622191231494,-42882.3603392887,25597.73119604177,820.7,55.84988809299442,32.3,9.1,9646.6,494.75452499193983,6251.2,433.87343776728255,349.6,24.113066996962456,27.1,1.9209372712298545,27.1,1.9209372712298545,322.5,23.812811677750275,1642.4,78.65773960647483,1642.4,78.65773960647483,0.0,0.0
add_agent:24,add_agent,44,-250815.2776316294,51754.10141154591,-44735.922279425766,27709.157444308366,849.3,55.72441116781765,32.6,9.200000000000001,10226.2,596.4501320311698,6623.0,507.6307713289256,363.1,25.197023633754842,27.4,1.9595917942265422,27.4,1.9595917942265422,335.7,25.072096043211065,1711.2,72.080233073985,1711.2,72.080233073985,0.0,0.0
add_agent:87,add_agent,45,-258912.68857373786,50205.68074543533,-46961.349588496174,29062.89232725072,887.8,52.06495942570204,33.2,9.075241043630742,11003.8,634.2092399200756,7129.7,529.0761854402444,380.7,23.366856870362348,28.2,2.181742422927143,28.2,2.181742422927143,352.5,23.817010727629107,1800.6,77.42506054243677,1800.6,77.42506054243677,0.0,0.0
add_agent:26,add_agent,46,-258912.68857373786,50205.68074543533,-46961.349588496174,29062.89232725072,911.5,51.84062113825412,33.2,9.075241043630742,11558.2,596.2178796379726,7503.2,513.7074653925131,392.4,24.154502685834785,28.2,2.181742422927143,28.2,2.181742422927143,364.2,24.559315951385944,1863.9,72.51406760070766,1863.9,72.51406760070766,0.0,0.0
add_agent:60,add_agent,47,-264017.6912286816,47638.28663040954,-44762.710652052985,33081.92415269427,953.2,60.429793976150535,34.0,9.391485505499118,12415.8,722.0784998876508,8084.3,609.335219727204,411.7,26.676019193275444,28.9,2.879236009777594,28.9,2.879236009777594,382.8,26.93993318477238,1959.8,79.25629312553042,1959.8,79.25629312553042,0.0,0.0
add_agent:25,add_agent,48,-264017.6912286816,47638.28663040954,-44808.06991417908,32998.68418975677,981.5,55.149342697805565,34.0,9.391485505499118,13018.6,788.9883649332226,8483.2,628.7068951427207,424.9,25.74665026755908,29.1,2.773084924772409,29.1,2.773084924772409,395.8,26.278508329050947,2022.2,75.54310028056831,2022.2,75.54310028056831,0.0,0.0
add_agent:27,add_agent,49,-271599.2450340715,58274.473173773644,-48293.56991417909,35206.42418512267,1020.6,63.8109708435783,34.4,9.509994742374992,13842.1,863.6162863216512,9044.6,698.5559676933553,442.1,27.919348129925957,29.9,2.5865034312755126,29.9,2.5865034312755126,412.1,27.894264643471065,2107.0,76.41596691791578,2107.0,76.41596691791578,0.0,0.0
add_agent:31,add_agent,50,-273691.036131824,56587.1735610351,-47760.97572766767,35354.39534082436,1053.1,64.32021455188097,34.6,9.264987857520376,14614.9,958.9316398993204,9577.9,799.9829310679073,457.6,27.684652788142387,30.1,2.879236009777594,30.1,2.879236009777594,427.5,27.968732541893992,2188.3,81.03092002439563,2188.3,81.03092002439563,0.0,0.0
add_agent:40,add_agent,51,-276377.536131824,60695.18700232375,-48850.16148084118,29529.682930868308,1090.4,63.523538944237046,34.8,9.693296652842108,15517.6,1000.7918065212165,10193.5,833.4058135146406,475.3,27.907167538107483,30.6,2.8,30.6,2.8,444.7,28.611361379703695,2278.0,87.95567065289195,2278.0,87.95567065289195,0.0,0.0
add_agent:32,add_agent,52,-277041.8689079572,60183.865074173336,-49068.255503386914,29721.57731165581,1126.9,58.75959496116358,35.0,9.486832980505138,16348.6,1067.4202733693978,10774.0,857.7984611783819,492.5,27.832534918688236,31.1,2.5475478405713994,31.1,2.5475478405713994,461.4,29.05580836941213,2363.1,84.22404644755558,2363.1,84.22404644755558,0.0,0.0
add_agent:28,add_agent,53,-277041.8689079572,60183.865074173336,-49068.255503386914,29721.57731165581,1160.2,60.36025182187364,35.1,9.396275858019495,17170.1,1143.6696594733987,11307.9,946.9529502567697,508.3,29.161790068512598,31.4,2.4979991993593593,31.4,2.4979991993593593,476.9,30.634784151353184,2443.4,89.48206524214783,2443.3,89.3767866954278,0.0,0.0
add_agent:95,add_agent,54,-277844.21298144886,59981.233381801154,-48928.44959647109,29599.335199571877,1198.4,63.83134026479469,35.3,9.284934033152847,18136.4,1114.408201692719,11963.4,965.5867853279684,526.2,30.81493144564823,31.9,2.5865034312755126,31.9,2.5865034312755126,494.3,32.304953180588264,2531.8,92.25486437039513,2531.7,92.3439765225648,0.0,0.0
add_agent:33,add_agent,55,-283028.96276484686,60556.95194233431,-49118.22051724115,30404.15766876736,1242.1,63.01817198237347,35.9,9.267685795278128,19233.8,1250.9388314382122,12715.3,1064.3710866046672,546.8,31.44455437750708,32.5,2.9068883707497264,32.5,2.9068883707497264,514.2,33.10830711468044,2635.9,107.59688657205653,2635.9,107.59688657205653,0.0,0.0
add_agent:38,add_agent,56,-289368.56367647357,68886.17556308945,-51777.407233012964,27792.88908171403,1278.3,66.29185470327407,37.0,11.036303729057115,20135.3,1269.6129370796439,13335.0,1095.9727186385617,563.4,32.444414003029856,33.1,2.981610303175115,33.1,2.981610303175115,530.3,34.36873579286849,2715.6,101.35205967320053,2715.6,101.35205967320053,0.0,0.0
add_agent:37,add_agent,57,-295860.12999530765,72697.59971591411,-51030.7527704505,27717.206149657493,1317.9,65.32908999825423,37.4,10.95627673984187,21126.6,1371.5787399927135,13996.2,1141.9688086808676,581.7,32.30495318058827,33.8,2.749545416973504,33.8,2.749545416973504,547.9,34.28541964159109,2806.4,104.01653714674413,2806.4,104.01653714674413,0.0,0.0
add_agent:46,add_agent,58,-298777.3956180438,77956.08079744747,-49855.95760354135,29187.660103353388,1357.4,69.92596084431017,38.3,13.168523075880605,22175.6,1309.4673879100617,14707.4,1141.4745901683489,599.5,33.32641594891356,34.2,2.821347195933177,34.2,2.821347195933177,565.3,35.346994214501464,2903.8,125.1773142386431,2903.9,125.24811375825186,0.0,0.0
add_agent:91,add_agent,59,-303615.7022929975,76363.40557256273,-53196.91449603539,27607.825330767482,1393.1,73.47850025687787,39.6,12.249081598226049,23105.1,1472.659325845594,15335.0,1212.373869728311,616.0,34.942810419312295,34.6,3.072458299147443,34.6,3.072458299147443,581.4,37.127348410571955,2993.0,119.10331649454604,2993.0,119.10331649454604,0.0,0.0
add_agent:63,add_agent,60,-304241.5285810746,76408.3385614982,-53196.309500214506,27607.87747657995,1440.5,86.5057801536984,39.9,12.316249429107872,24513.3,1907.7328455525424,16352.0,1558.8673452221649,638.9,42.55220323320521,34.9,2.879236009777594,34.9,2.879236009777594,604.0,44.44997187850629,3102.6,105.47340897117151,3102.6,105.47340897117151,0.0,0.0
add_agent:53,add_agent,61,-308864.7785810746,74202.08376794844,-53453.03793476493,27528.655201991463,1473.7,89.14376029762263,40.2,12.237646832622685,25482.8,1826.7819136393923,17027.1,1493.6098185269136,655.2,40.51616961165011,35.0,2.932575659723036,35.0,2.932575659723036,620.2,42.10415656440585,3192.0,132.79081293523285,3192.0,132.79081293523285,0.0,0.0
add_agent:34,add_agent,62,-311035.18636826146,74853.33565509756,-53984.10105345261,27960.73398442106,1513.9,82.96077386331446,40.6,12.076423311560422,26564.3,1679.7924306294515,17767.5,1412.554229047508,673.8,39.31615444063674,35.7,3.2878564445547203,35.7,3.2878564445547203,638.1,41.42813053952592,3286.6,138.32729304081678,3286.6,138.32729304081678,0.0,0.0
add_agent:56,add_agent,63,-324357.61315052054,78259.45991200858,-55762.235527872246,27169.551456037905,1564.8,79.79824559474976,42.4,13.828955130450025,27984.6,1697.0500405114753,18764.6,1455.572272338272,696.2,38.99948717611553,36.7,3.3778691508109078,36.7,3.3778691508109078,659.5,41.59146547069483,3405.5,158.7282268533231,3405.5,158.7282268533231,0.0,0.0
add_agent:43,add_agent,64,-324972.45720108383,77823.70568154496,-56007.88733777935,29765.47645957558,1595.8,83.8162275457444,42.5,13.749545447032059,28889.0,1795.0552637732355,19392.3,1548.9030989703647,710.9,40.790807788029895,37.0,3.3166247903554,37.0,3.3166247903554,673.9,43.45445891965519,3485.4,157.5037777324722,3485.3,157.45351695024152,0.0,0.0
add_agent:48,add_agent,65,-324972.45720108383,77823.70568154496,-57698.623252495505,33125.64567525173,1634.2,82.02414278735256,42.5,13.749545447032059,30081.0,1898.9617163070982,20224.1,1586.0270142718252,728.7,39.93757629100694,37.5,3.2015621187164243,37.5,3.2015621187164243,691.2,42.717209646698606,3585.0,163.84382808027894,3584.8,163.76922787874406,0.0,0.0
add_agent:89,add_agent,66,-324972.45720108383,77823.70568154496,-56996.88858794213,34320.71346147162,1675.1,88.7923983232799,42.5,13.749545447032059,31239.4,2137.3445768055276,21035.8,1770.341933073947,747.8,44.58654505565552,38.0,3.286335345030997,38.0,3.286335345030997,709.8,47.49273628672073,3688.6,175.89951677022881,3688.5,175.8239175993983,0.0,0.0
add_agent:44,add_agent,67,-332292.8710724133,82806.44344468735,-61885.78726314765,36821.48192836424,1720.7,96.00213539291717,43.2,13.687950905814938,32716.8,2342.278839079583,22064.3,1893.1981433542555,770.2,47.70911862526911,38.3,3.1638584039112754,38.3,3.1638584039112754,731.9,50.31192701537082,3801.5,178.88278284955206,3801.4,178.96994161031623,0.0,0.0
add_agent:45,add_agent,68,-336344.9458472949,78933.42991129876,-64377.74788858563,36549.79681837583,1761.1,91.5941592024295,43.6,13.484806264830057,34005.1,2259.9101951183816,22929.8,1834.7358283960118,789.7,46.229968635074805,38.7,3.4073450074801643,38.7,3.4073450074801643,751.0,48.88762624632127,3909.6,203.46410002749872,3909.4,203.4183865829242,0.0,0.0
add_agent:50,add_agent,69,-346855.7185411775,81009.50790024146,-65974.44641435494,36082.15574311588,1808.8,103.26064109814543,44.9,14.060227594174997,35575.2,2585.847319545375,24024.9,2076.217543996775,812.2,50.02759238660202,39.1,3.477067730142742,39.1,3.477067730142742,773.1,52.52513683942195,4044.0,202.29483433839826,4044.0,202.29483433839826,0.0,0.0
add_agent:51,add_agent,70,-354208.86300734,86865.53679720171,-67526.32068276235,31327.218216551526,1848.5,104.42533217567468,45.8,15.412981541544777,36765.5,2426.077296790026,24886.5,2027.740972116508,830.7,49.79969879426983,39.8,3.370459909270544,39.8,3.370459909270544,790.9,52.162151029266425,4131.9,213.726671241565,4131.8,213.60795865322999,0.0,0.0
add_agent:58,add_agent,71,-358756.8301477309,84660.17444313121,-66545.88738667757,30995.88374828007,1886.1,100.14334725781838,46.4,15.173661390712526,38061.1,2446.490157347869,25785.7,2031.3859825252314,848.6,49.82609757948138,40.4,3.2310988842807022,40.4,3.2310988842807022,808.2,52.396183067089915,4232.4,216.4681038859998,4232.3,216.567795389804,0.0,0.0
add_agent:82,add_agent,72,-400392.09973700537,117914.73323805109,-79008.431230483,51108.75302528273,1934.1,96.24494791935834,49.2,14.232357499725756,39577.0,2352.871607206819,26816.9,1945.5949449975449,870.3,49.72936758093752,40.8,3.458323293158117,40.8,3.458323293158117,829.5,52.49238039944464,4348.5,240.42348055046537,4348.4,240.4072378278158,0.0,0.0
add_agent:59,add_agent,73,-401659.2740715898,117320.1450907905,-78027.7073074622,51860.939131188825,1975.1,101.87683740674325,49.4,14.21407752898513,41040.9,2667.741083763565,27853.6,2214.455111308423,890.3,53.23729895477418,41.1,3.3301651610693423,41.1,3.3301651610693423,849.2,55.96034310116406,4454.1,223.49472029558103,4454.1,223.49472029558103,0.0,0.0
add_agent:49,add_agent,74,-401659.2740715898,117320.1450907905,-78027.7073074622,51860.939131188825,2013.2,98.01510087736482,49.4,14.21407752898513,42452.2,2466.515712498098,28830.0,2095.809008473816,909.3,50.94909223921463,41.1,3.3301651610693423,41.1,3.3301651610693423,868.2,53.66898545715206,4563.2,242.8389589831088,4563.2,242.8389589831088,0.0,0.0
add_agent:57,add_agent,75,-408118.9677585303,119104.79264182433,-80151.16674934413,53413.87172232084,2061.4,93.49459877447467,50.0,14.184498581197715,44149.5,2450.382225286496,30014.1,2026.65539497962,932.7,49.875946106314615,41.5,3.2939338184001206,41.5,3.2939338184001206,891.2,52.59619758119402,4699.7,259.8803763272634,4699.6,259.87158367162806,0.0,0.0
add_agent:66,add_agent,76,-416724.82252304384,115279.99112297194,-81908.46570253209,48087.77200284619,2112.5,92.71057113404059,51.4,14.602739469017449,45952.9,2422.1187192208395,31302.7,2187.696370614533,956.5,49.806124121437115,42.5,3.4713109915419564,42.5,3.4713109915419564,914.0,52.98679080676617,4821.7,275.9674074958853,4821.5,275.9352279068405,0.0,0.0
add_agent:83,add_agent,77,-422190.2766280784,114968.22710458412,-84096.10909621205,51390.09312993323,2153.2,97.03380854114714,51.8,14.434680460612904,47417.8,2661.3436756646065,32328.4,2293.314945662719,975.6,52.36449178594212,43.1,3.5057096285916214,43.1,3.5057096285916214,932.5,55.539625493875995,4923.5,283.21202304986986,4923.5,283.21202304986986,0.0,0.0
add_agent:77,add_agent,78,-425124.7766280784,114575.0956326851,-83805.7801967743,52770.668598978686,2202.0,121.40757801718968,52.0,14.38054240979804,49084.7,3366.527529963182,33520.2,2744.2985551867346,998.3,62.196543312309565,43.9,3.1764760348537187,43.9,3.1764760348537187,954.4,64.77839145888079,5039.1,273.26962875519115,5039.0,273.1841869508556,0.0,0.0
add_agent:75,add_agent,79,-430036.788108694,111974.41428907968,-82963.23916328607,54014.189056379786,2247.5,113.31835685360073,52.6,14.228141129465929,50860.8,3115.646218684015,34781.9,2587.710665820273,1020.4,59.4780631829921,44.3,3.1000000000000005,44.3,3.1000000000000005,976.1,62.1698479972406,5164.3,285.8058956704707,5164.2,285.7869136262191,0.0,0.0
add_agent:81,add_agent,80,-440597.4660285378,115543.89235822554,-84561.30007121459,53109.73241038789,2298.4,123.38087372036236,53.7,14.859676981684359,52637.0,3138.162487826276,36055.7,2661.3446620082864,1043.1,60.15056109463984,45.3,2.968164415931166,45.3,2.968164415931166,997.8,62.1655853346528,5308.9,304.49711000270594,5308.9,304.49711000270594,0.0,0.0
add_agent:70,add_agent,81,-442133.9660285378,114001.80127367606,-85450.05007121459,52598.63176988539,2332.9,123.93179575879631,53.9,14.835430563350698,53984.1,3317.703466254933,37065.6,2726.904626128314,1060.1,61.46616955691968,45.4,2.835489375751565,45.4,2.835489375751565,1014.7,63.520154281928505,5403.0,290.62381182552815,5403.0,290.62381182552815,0.0,0.0
add_agent:61,add_agent,82,-449962.31129768863,116879.03063125112,-89595.48968549685,51262.272291196605,2387.1,116.9508016218786,54.5,14.719035294474974,56085.6,3043.147817638834,38566.0,2493.1008804298312,1086.2,57.55831825201289,46.0,3.1622776601683795,46.0,3.1622776601683795,1040.2,59.83778070750954,5545.1,332.62454810191025,5545.1,332.62454810191025,0.0,0.0
add_agent:94,add_agent,83,-451127.84079146443,115464.94329558687,-90926.95420739125,50091.18498613367,2429.6,127.63479149510921,54.7,14.491721774861677,57707.2,3421.2324913691555,39726.5,2748.0084879781575,1106.3,61.83211139852819,46.4,3.4409301068170506,46.4,3.4409301068170506,1059.9,64.27822337308336,5659.2,316.4060049999051,5659.2,316.4060049999051,0.0,0.0
add_agent:68,add_agent,84,-458063.81996275904,112706.28757826088,-91067.53695336112,50146.537076475215,2473.8,126.04189779593133,55.1,14.187670703818862,59471.5,3466.4477855580053,41001.4,2817.9349957016398,1127.7,62.93814423702053,46.7,3.49428104193123,46.7,3.49428104193123,1081.0,65.65972890592833,5782.6,325.56357290090057,5782.6,325.56357290090057,0.0,0.0
add_agent:74,add_agent,85,-462276.06996275904,109178.75085322968,-92235.19695336111,50723.30509682364,2520.2,128.4521700867681,55.6,13.712767773137559,61315.6,3710.556163164762,42378.9,3026.8038406874007,1149.7,64.54618501507272,47.2,3.5721142198983507,47.2,3.5721142198983507,1102.5,67.44219747309543,5922.0,333.5395029078265,5921.8,333.5166562557258,0.0,0.0
add_agent:76,add_agent,86,-464912.4103086982,106323.978494753,-93662.53557967332,52380.05837812234,2567.0,130.21290258649486,56.2,13.481839637082174,63125.5,3848.4292964792794,43716.2,3037.2525347754668,1171.7,66.42898463773174,47.9,3.78021163428716,47.9,3.78021163428716,1123.8,69.55113226971937,6048.7,334.28611996312384,6048.7,334.28611996312384,0.0,0.0
add_agent:99,add_agent,87,-471696.21022108395,104977.21159994026,-94084.90995678438,49873.3638348625,2615.0,126.6443840049767,57.1,13.156367279762298,65077.2,3660.6805050427442,45200.0,2926.7484005291603,1193.9,63.917837885835915,48.6,3.9547439866570384,48.6,3.9547439866570384,1145.3,67.07465989477696,6196.6,360.4983217714057,6196.4,360.410377209092,0.0,0.0
add_agent:85,add_agent,88,-476673.1184787549,102427.9413130676,-95861.09284362418,49369.00398353784,2664.0,143.0335624949613,57.5,12.947972814305722,67040.7,4283.499388350604,46680.4,3413.445508573412,1217.4,73.38146905043534,49.2,3.7094473981982814,49.2,3.7094473981982814,1168.2,76.51771036825397,6326.0,346.3423162133094,6325.9,346.2901817840061,0.0,0.0
add_agent:69,add_agent,89,-479477.3684787549,103216.84624117851,-97325.99489339562,49075.410876736736,2698.1,139.68281927280822,57.7,12.845621822239668,68607.9,4064.935631716694,47854.3,3298.084506194467,1234.0,70.8660708661063,49.4,3.826225293941799,49.5,3.905124837953327,1184.5,74.22162757579491,6439.9,374.5296917468627,6439.9,374.5296917468627,0.0,0.0
add_agent:72,add_agent,90,-481783.8844460518,102430.7176181832,-98619.54806604645,48331.65153851832,2752.2,150.00919971788397,58.3,12.673200069437868,70748.9,4544.791182221687,49400.7,3654.2398402403746,1259.0,76.10913217216446,50.2,3.893584466786357,50.2,3.893584466786357,1208.8,79.27647822652064,6584.9,365.4472465349821,6584.6,365.4400634851083,0.0,0.0
add_agent:73,add_agent,91,-486823.1344460477,98941.6273469532,-100294.79919429685,47603.90180190655,2800.6,147.34327266624695,58.8,12.615863030328127,72923.6,4434.981808305418,51019.4,3532.182956756346,1282.6,74.92956692788235,50.5,3.8535697735995385,50.5,3.8535697735995385,1232.1,78.14019452240953,6732.9,383.56028209396237,6732.9,383.56028209396237,0.0,0.0
add_agent:80,add_agent,92,-494927.2763864316,95634.6399734104,-101855.63763827085,46105.55282907693,2854.4,154.54526844908582,59.8,12.765578717786358,75260.2,4556.1843421880985,52767.5,3816.4113051399477,1308.4,76.44239661339773,51.2,3.655133376499413,51.2,3.655133376499413,1257.2,79.42392586620231,6884.1,409.8520342757859,6883.8,409.80697895472696,0.0,0.0
add_agent:79,add_agent,93,-509260.83515481296,96434.28130230545,-106975.1342782909,45937.6494713801,2902.9,147.29864222049028,61.2,12.520383380711632,77379.4,4434.686802920811,54336.2,3617.0266186468684,1331.7,74.58424766664875,51.9,3.4770677301427426,51.9,3.4770677301427426,1279.8,77.59097885708105,7041.2,413.6220013490578,7041.1,413.41805717699367,0.0,0.0
add_agent:98,add_agent,94,-510540.50533039327,96404.31395701924,-105997.36264019864,45888.23642634571,2940.1,159.00154087303682,61.6,12.443472184241825,79009.9,4828.834464961498,55585.4,3930.094711326942,1349.6,78.76953725901912,52.2,3.370459909270544,52.2,3.370459909270544,1297.4,81.38083312426826,7148.3,420.21329107966113,7148.3,420.21329107966113,0.0,0.0
add_agent:93,add_agent,95,-512377.82583319454,95162.4348265318,-107085.09510557768,45689.95732383764,2984.3,154.73852138365547,62.0,12.320714265009151,80984.1,4846.473985280432,57100.1,3985.268233130613,1371.3,77.81780002030384,52.5,3.2939338184001206,52.5,3.2939338184001206,1318.8,80.49198717884906,7292.6,417.2419442002446,7292.5,417.4111282656465,0.0,0.0
add_agent:78,add_agent,96,-514170.6693880175,96168.9965834019,-106219.63710567576,45895.890515654486,3022.5,154.448211384917,62.2,12.270289320142375,82809.0,4797.928240397098,58509.5,3883.8484844288146,1389.9,77.58021655035516,52.7,3.2572994949804666,52.7,3.2572994949804666,1337.2,80.2244351803115,7430.9,432.967308234698,7430.7,432.84386330407875,0.0,0.0
add_agent:86,add_agent,97,-520025.58314644685,94322.37634597736,-107378.84720988342,45899.96786362885,3078.5,163.6626102688088,63.6,14.677874505527019,85471.5,5312.414088717106,60549.7,4239.892995112023,1416.6,83.25647121995983,53.4,3.0066592756745814,53.4,3.0066592756745814,1363.2,85.86943577315505,7595.9,426.0616035270017,7595.8,426.07083918052876,0.0,0.0
add_agent:88,add_agent,98,-523887.72710565117,94042.05812121108,-104684.0863150266,46249.81995363282,3125.0,170.60128956136293,64.7,14.792227688891217,87496.1,5607.332225755846,62104.4,4399.976231753984,1438.2,86.76381734340646,54.2,2.4,54.2,2.4,1384.0,88.75359147662702,7738.4,421.19572647404675,7738.0,421.00593820040115,0.0,0.0
add_agent:97,add_agent,99,-532211.7416474231,94482.9565271392,-106922.49625764314,44299.857248241075,3170.5,171.03055282609597,65.3,14.832734070291963,89594.3,5483.179844761615,63730.3,4371.824585913758,1460.3,85.1505137976278,54.6,2.3748684174075834,54.6,2.3748684174075834,1405.7,86.89424606957587,7893.2,453.35544553914866,7893.1,453.28521926045636,0.0,0.0
add_agent:92,add_agent,100,-534874.0656847258,95989.29436906411,-106860.72783989916,46171.03540593631,3218.3,154.85286564994527,66.1,15.234500319997371,91872.7,4946.057542123828,65509.6,3945.88147819977,1483.3,78.7896566815721,55.1,2.7000000000000006,55.1,2.7000000000000006,1428.2,81.02814325899367,8043.7,491.15721515620646,8043.7,491.15721515620646,0.0,0.0
change_constraint:52-17:2.906;2.909;1.534,change_constraint,100,-537589.3421436993,97993.55346188301,-108096.14336289393,45921.837046761815,3261.1,160.4577514487848,66.7,14.9,93882.3,5225.5788205709805,67091.4,4162.214319325712,1503.5,81.61403065649925,55.5,2.6172504656604803,55.5,2.6172504656604803,1447.9,83.79313814388382,8192.8,470.46717207473677,8192.7,470.28418004436423,0.3,0.45825756949558394
change_constraint:87-24:3.799;1.283;-3.635,change_constraint,100,-537589.3421436993,97993.55346188301,-102244.64602831827,44808.76683443988,3297.0,159.63207697702865,67.1,15.965274817553253,95491.8,5140.222637201622,68307.1,4125.650286924474,1519.7,80.9580755700134,55.6,2.4979991993593593,55.6,2.4979991993593593,1464.1,83.0800216658614,8323.6,484.221684768454,8322.9,484.62035656790147,1.3,0.45825756949558405
change_constraint:31-32:2.108;-3.522;-4.226,change_constraint,100,-565341.8717756475,120453.43235304428,-115130.36287367149,50834.47842320855,3348.9,159.26170286669674,69.9,17.812635964393365,97732.8,5249.844012920765,69996.0,4190.7287671716485,1541.7,81.1751809360472,56.3,2.2383029285599387,56.3,2.2383029285599387,1485.4,82.87967181402205,8499.8,485.0075875695142,8498.6,485.785590564397,2.5,0.5
change_constraint:16-4:-3.873;3.608;3.528,change_constraint,100,-580339.9159702732,130685.95983576604,-122887.0434327024,54396.49726444442,3394.1,155.62419477703332,71.7,20.83290666229751,99539.3,4970.020463740567,71390.0,3997.343843103818,1560.9,79.37184639404579,56.8,2.4413111231467406,56.8,2.4413111231467406,1504.0,80.90611843365123,8670.8,511.31571460302297,8670.7,511.44189308268443,3.4,0.48989794855663565
change_constraint:97-88:-4.076;3.476;2.036,change_constraint,100,-582514.4744182104,128889.33424219409,-120063.16001039124,59479.45541301767,3419.1,157.68414631788445,72.1,20.95924616965028,100663.4,5281.931222573805,72220.2,4138.730790955121,1571.9,81.10665817305012,56.9,2.3853720883753127,56.9,2.3853720883753127,1515.0,82.75626864473773,8782.8,498.33579040642866,8782.7,498.50337009893923,4.3,0.45825756949558405
change_constraint:19-18:3.224;3.397;3.333,change_constraint,100,-586663.3987864127,129950.11181385379,-119611.35934263669,59484.69100129769,3459.3,154.22973124530822,73.3,20.48438429633656,102416.3,5349.49431348422,73507.6,4196.023622431122,1589.4,80.80990038355449,57.4,2.33238075793812,57.4,2.33238075793812,1532.0,82.73330647326988,8963.0,503.33428255981136,8963.1,503.16368112175974,5.5,0.5
change_constraint:90-13:1.972;-2.334;-0.694,change_constraint,100,-583054.1487864128,133793.09258306952,-117408.72407531689,60751.79338535886,3485.5,154.37762143523264,73.6,20.382345301755635,103612.4,5307.843803278314,74419.6,4216.964695133219,1601.2,80.7462692636632,57.5,2.5,57.5,2.5,1543.7,82.75632906309946,9099.0,506.3550137996068,9098.9,506.4023005476969,6.4,0.4898979485566356
change_constraint:43-38:-2.155;4.316;-0.097,change_constraint,100,-584819.7076727804,137239.90393100228,-118071.87946213076,61169.350989739105,3520.1,153.87231719838366,74.2,20.561128373705568,105000.1,5337.180050363675,75474.8,4225.008728985065,1615.6,81.05208202137685,58.0,3.0,58.0,3.0,1557.6,83.33450665840651,9261.3,522.4046420161292,9261.1,522.5765876883502,7.3,0.45825756949558405
change_constraint:94-64:3.013;-4.958;0.705,change_constraint,100,-588478.406361723,140114.65153862975,-117913.32984251055,56896.65399567066,3555.1,153.63036809172854,75.1,21.48697279748825,106523.6,5227.643469097716,76555.0,4166.559827963592,1631.0,80.43258046339182,58.3,3.1000000000000005,58.3,3.1000000000000005,1572.7,82.71644334713623,9460.0,527.1417266731975,9459.9,527.1613510112439,8.5,0.5
change_constraint:45-43:2.772;2.262;3.238,change_constraint,100,-591173.2935568449,145278.2151481647,-116410.01633652016,58760.91384960483,3578.0,152.39947506471273,75.7,22.62763796775969,107405.3,5274.613124201622,77195.0,4241.24854258743,1640.6,79.61055206440915,58.4,3.1999999999999997,58.4,3.1999999999999997,1582.2,82.04730342918042,9594.7,542.061444856577,9594.3,542.1960992113461,9.3,0.45825756949558405
remove_agent:93,remove_agent,99,-585903.4629874584,145890.07436570147,-119038.65130298072,55498.959476798256,3570.5,154.15203534173656,75.3,22.24882019343947,107684.4,5196.338253039346,77168.8,4421.5700559869,1641.3,76.79980468725165,57.8,3.0265491900843116,58.2,3.4000000000000004,1574.1,83.20270428297388,9728.5,533.1429920762347,9728.5,533.1429920762347,9.8,0.4000000000000001
remove_agent:69,remove_agent,98,-580413.9030593394,144913.95828812348,-120504.3882502724,59442.60792185627,3560.6,154.64100361805725,75.9,23.372847494475295,107873.4,5252.38854617592,77123.3,4654.498384358942,1637.0,77.1090137402885,57.6,2.690724809414742,58.2,3.3406586176980135,1569.0,86.93675862372602,9862.6,551.4493993105805,9862.2,551.777455139298,9.6,0.4898979485566356
remove_agent:5,remove_agent,97,-588701.7327789726,148644.15372752186,-126626.55917230698,56628.552960591864,3552.1,157.80839648130262,80.0,24.49081460466352,108074.5,5251.659323490053,78033.6,4639.409363270286,1617.2,84.53496318092297,57.1,2.9816103031751147,57.4,3.3823069050575527,1577.0,85.13636120953255,9859.2,548.6986057937454,9858.3,548.7345533133484,9.4,0.48989794855663565
remove_agent:56,remove_agent,96,-585663.6789368654,149466.8377710927,-128365.8562040657,53385.08173056803,3539.6,166.63385010255269,79.6,24.19586741573858,107671.2,5917.320910682469,77898.9,4999.813705529436,1614.2,91.85619195242094,56.8,3.124099870362662,57.7,3.407345007480165,1566.5,91.02664445095184,9888.5,509.85885301718554,9887.5,509.9880880961829,9.4,0.48989794855663565
remove_agent:19,remove_agent,95,-586658.8947147145,146875.8077084607,-128279.80243457283,52361.16282487554,3536.5,164.41730444208116,79.7,24.265407476488004,107974.1,5653.852181477687,78147.7,5031.064381420695,1612.0,88.68032476259883,56.8,2.9933259094191533,58.0,3.5777087639996634,1562.6,91.8119817888711,10008.8,577.3255234267752,10007.9,577.3504048669231,9.4,0.48989794855663565
remove_agent:4,remove_agent,94,-581246.039724697,138878.61880037948,-128013.35369457235,55321.790253900384,3523.6,165.9519207481492,79.2,23.915685229572663,107797.2,5767.861194585043,78304.4,5009.801257535073,1600.4,90.55628084235792,56.1,2.981610303175115,57.7,3.348133808556642,1563.0,88.17369222165986,10011.6,549.3663986812445,10009.8,548.3897883804913,9.2,0.4
remove_agent:66,remove_agent,93,-569998.0397248237,133596.85939745503,-125454.67193164137,61257.08239653124,3523.4,164.94738555066584,79.0,23.62202362203543,108263.7,5620.026370934571,77712.8,4694.84161181184,1605.2,91.41859767027712,55.8,2.749545416973504,57.5,3.4713109915419564,1557.4,84.90135452394149,10156.6,537.0186588937111,10155.2,536.7926601584638,9.0,0.6324555320336759
remove_agent:74,remove_agent,92,-567235.7399934381,132207.07183313076,-126024.88823164134,62287.152396755315,3510.8,161.83497767788026,78.4,23.87969849055888,108212.4,5567.446402076988,77182.9,4668.238049842788,1604.0,88.30288783499665,55.4,2.727636339397171,57.3,3.407345007480165,1547.0,83.63252955638733,10238.4,499.95343783196455,10237.1,499.4898297262918,8.6,1.019803902718557
remove_agent:80,remove_agent,91,-578617.452268563,142561.6761032482,-134068.5535298406,67340.26917526523,3518.6,158.32700338224052,79.8,25.293477420078087,108669.7,5462.559712259446,77400.5,4635.414096928127,1607.5,92.54107196266963,55.4,2.576819745345025,57.5,2.8722813232690143,1550.9,78.2923367897523,10313.1,509.85634251228066,10311.0,509.8678260098395,8.6,1.019803902718557
remove_agent:45,remove_agent,90,-529423.533549431,226445.17306794607,-136535.90779146366,64524.923176779914,3141.6,1057.6060892411692,73.0,36.43075623700392,97135.9,32824.87669573185,68766.9,23399.69360248121,1433.2,484.4724553573712,49.9,16.80148802933835,52.4,17.69858751426226,1376.2,464.1932356249927,9448.0,3177.223253093808,9445.8,3176.5177411750747,7.7,2.758622844826744
